videoId,title,description,publish_date,duration,tags,categoryId,viewCount,likeCount,commentCount,duration_minutes,views,likes,comments,engagement_rate,like_rate,comment_rate,time_since_upload_days,title_len,title_char_len,title_upper_ratio,desc_len,desc_char_len,num_tags,views_per_day
lT9Jvbou77g,Never eat this #cooking #recipe #foodasmr #food,,2025-10-01 18:27:06+00:00,PT50S,[],22,1594991,0,669,0.8333333333333334,1594991,0,669,0.00041943810341249575,0.0,0.00041943810341249575,19,7,47,0.02127659574468085,0,0,0,83946.8947368421
68W7-re2AVE,Blue Jays vs. Mariners ALCS Game 4 Highlights (10/16/25) | MLB Highlights,"Blue Jays vs. Mariners ALCS Game 4 full game highlights, from 10/16/25

Don't forget to subscribe! https://www.youtube.com/mlb

Follow us elsewhere too:
Twitter: https://twitter.com/MLB
Instagram: https://www.instagram.com/mlb/
Facebook: https://www.facebook.com/mlb
TikTok: https://www.tiktok.com/@mlb

Check out MLB.com daily to watch the MLB.TV Free Game of the Day! https://mlb.com/freegame

Visit our site for all baseball news, stats and scores! https://www.mlb.com/",2025-10-17 06:24:26+00:00,PT20M15S,"['mlb', 'baseball', 'sports', 'mlb highlights', 'sports highlights', 'baseball highlights']",17,1183962,12720,909,20.25,1183962,12720,909,0.011511349181814956,0.010743588054346338,0.0007677611274686181,4,12,73,0.1780821917808219,54,472,6,295990.5
XfQJCmWpRbo,I Tried Them All. iPhone 17 Is The Smart Choice.,"‚ú® Go to https://surfshark.com/geartech or use code GEARTECH at checkout to get 4 extra months of Surfshark VPN!
Apple (finally) put 120 Hz on the base model, gave us a comfortable all-day battery, dependable cameras, and let's face it..at a decent price. Not to mention, the regular iPhone 17 is giving me fewer headaches than the 17 Pro Max this year.

‚úÖ SUBSCRIBE FOR WEEKLY DOWN TO EARTH TECH VIDEOS
https://www.youtube.com/@AlexGTech?sub_confirmation=1  üôèüèº

üõçÔ∏è iPhone 17 Buying Guide: https://youtu.be/xlrx9xZAhhI?si=wwn0rs-3Eri86mIs

‚úÖ WHAT I WEAR
üëï The lovely shirts I wear in all my videos! (üÜï üçÅ SS25 Collection!)
üõí Use Code AGT20 for 20% OFF! 
üá¨üáß https://geni.us/AndSons_Alex
üá∫üá∏üá®üá¶ https://geni.us/AndSons_AlexUSA

‚úÖ Watch More Reviews:
https://youtube.com/playlist?list=PLVM7-QHg4QNKXJ5x-WrNT5oMse_PjXqE2&si=mYXXPfOrWXysXJrK
https://youtube.com/playlist?list=PLVM7-QHg4QNKM00UN4-BhPLf8cGBF6ITf&si=RdX7mCQelbThXFhh

‚úÖ Sign Up for My Newsletter:
üìß Behind the Lens: https://geni.us/AlexNewsletter

‚úÖ GEAR & TECH I LOVE RIGHT NOW!
‚ú®Grab yourself a Sandmarc discount storewide with ALEXGT10 
üéíSandmarc Camera bag: https://geni.us/SandmarcAlex
üì∏ My Main camera gear: https://geni.us/MainCameraGear

‚úÖ HOW DO I EDIT MY VIDEOS?
üë®üèΩ‚Äçüíª Editing Visual Effects with MotionVFX: https://geni.us/MotionVFX_Alex

#iPhone17ProMax #iPhone17 #Apple #AppleiPhone #iPhone17Pro #iPhoneAir 

üí™üèº Disclaimer
When I choose to work with a company, it‚Äôs because I genuinely use and trust the product. Full Brand Policy here:  https://alexgtech.com",2025-10-14 15:29:10+00:00,PT23M24S,['Alex Gear and Tech'],28,47396,1121,188,23.4,47396,1121,188,0.027618364418938307,0.02365178496075618,0.003966579458182125,7,10,48,0.1875,194,1526,1,6770.857142857143
4oErRK_5YsQ,SONGS IN REAL LIFE!!,,2024-06-10 07:05:30+00:00,PT46S,[],24,18102905,323705,1483,0.7666666666666667,18102905,323705,1483,0.017963304784508343,0.017881384230873442,8.192055363490004e-05,498,4,20,0.75,0,0,0,36351.21485943775
GF9t3zYoY-8,Crispy French Fries | Potato Stick,,2025-03-06 06:26:05+00:00,PT21S,[],22,29252627,683629,1416,0.35,29252627,683629,1416,0.023418238642293563,0.02336983273331315,4.8405908980413964e-05,229,6,34,0.14705882352941177,0,0,0,127740.72925764193
hibvnfIz3kw,2024 ‡§ï‡•Ä ‡§¶‡§ø‡§µ‡§æ‡§≤‡•Ä #like_comment_share #minivlog #shortsvideo #videos #trending,,2025-10-16 14:58:58+00:00,PT54S,[],22,103,0,0,0.9,103,0,0,0.0,0.0,0.0,5,8,75,0.0,0,0,0,20.6
iooqpVw69TM,Who wanna kebab ??? #ai#facelessyoutubechannelideas #alartcommunity #aiart #ytshorts,"#ai#facelessyoutubechannelideas #alartcommunity #aiart #ytshorts üé¨ This isn‚Äôt just a weird AI video ‚Äî it‚Äôs part of a strategy that actually makes money on YouTube.
I create viral AI-powered content like this and teach others how to build profitable, faceless YouTube channels from scratch.
Whether you're a creator or a business, I‚Äôll show you how to turn AI and trends into views, growth, and income.

üß† What you‚Äôll learn by following this channel:
‚úÖ How to grow viral YouTube Shorts in weirdcore and niche styles
‚úÖ Step-by-step YouTube automation & monetization strategies
‚úÖ How businesses can use AI video content to explode reach in 2025
‚úÖ Real marketing strategies that work for USA YouTube traffic

üëÅ This weirdcore AI video was 100% generated with cutting-edge tools ‚Äî surreal, dreamlike, and designed to go viral.

üí¨ Want to learn how to do it or work with me on content for your brand? Let‚Äôs connect in the comments.

üìà Like, Subscribe, and follow for weekly drops on AI, weirdcore, and YouTube growth.

üìå Hashtags (to reach USA YouTube + weirdcore + business)
#Weirdcore #AIgenerated #YouTubeAutomation #USAYouTube #Marketing2025 #FacelessYouTube #YouTubeForBusiness #AIcontent #GrowWithAI #YouTubeShorts #WeirdcoreAesthetic #YouTubeTips #AIBranding #MonetizeYouTube #MarketingTools

üîç Regular Tags / SEO Keywords
weirdcore ai shorts, how to make money on YouTube, USA YouTube growth, YouTube automation 2025, AI weirdcore video, business marketing with AI, AI for content creators, faceless YouTube channel, viral shorts USA, weird ai content, backrooms ai trend, YouTube monetization guide, AI marketing for business, USA trending shorts, grow your channel 2025",2025-05-06 14:00:01+00:00,PT10S,[],22,100062013,389840,3793,0.16666666666666666,100062013,389840,3793,0.003933890476498809,0.0038959839834523417,3.79064930464671e-05,168,8,84,0.011904761904761904,252,1673,0,595607.2202380953
WQ0_mkjY1hY,Latest best funny fails videos 2025 compilation new YouTube shorts comedy 2024 #funny  #funnyvideos,"ü§£ Latest & Best Funny Fails Compilation 2025! ü§£

Get ready for the funniest fails, epic moments, and crazy bloopers in this brand-new 2025 comedy shorts compilation! From unexpected falls to hilarious reactions, this video is packed with non-stop laughter!

Don‚Äôt forget to:
‚úÖ Like if you laughed!
üí¨ Comment your favorite fail!
üì¢ Share with friends who need a laugh!
üé¨ Subscribe for more funny videos!

#shorts #funny #shortvideo #funnyfails #comedy #viral #funnyvideos2025",2025-03-07 09:00:43+00:00,PT20S,"['funny videos', 'funny videos compilation', 'funny shorts compilation', 'best funny videos', 'best shorts videos', 'best funny videos 2024', 'best funny shorts 2024', 'Best funny videos 2025', 'best funny shorts 2025', 'latest funny shorts', 'latest funny videos', 'new funny shorts', 'new funny videos']",23,584199,4822,54,0.3333333333333333,584199,4822,54,0.008346470979922938,0.008254036723787614,9.243425613532376e-05,228,14,99,0.030303030303030304,74,473,13,2562.2763157894738
uEbXnFJAsgQ,Worlds Most Popular Song!,"Hey Im Jaye or Jayesmack

THIS IS THE GREATEST SHORT EVER!!!!!

If you own this content in the video and would like it removed please contact me at
‚ñ∫ Twitter: @JayeSmacks",2023-01-04 01:38:40+00:00,PT26S,"['Jaye', 'JayeSmacks', 'Jaye Shorts', 'jaye']",24,3786808,97190,1208,0.43333333333333335,3786808,97190,1208,0.025984417483009437,0.025665415304921717,0.00031900217808771925,1021,4,25,0.16,31,170,4,3708.920666013712
PrNUDIO-FkQ,Hashbrowns Recipe By Kitchen With Noonzay (Ramadan Special) | #shorts #iftarrecipe #potatorecipe,Hashbrowns Recipe By Kitchen With Noonzay (Ramadan Special) | #shorts #iftarrecipe #potatorecipe #kitchenwithnoonzay #kitchenwithnoonzayshorts #kitchenwithnoonzayvlogs #noonzaykitchen #noonzayrecipes #noonzayrecipesforbeginners #noonzayvlogs,2025-01-26 14:15:04+00:00,PT3M,"['kitchen with noonzay', 'kitchen with noonzay shorts', 'kitchen with noonzay vlogs', 'noonzay kitchen', 'noonzay vlogs', 'potato recipe', 'Ramadan special', 'iftar special', 'iftar recipe', 'noonzay recipe', 'potato snack recipe', 'easy potato recipe', 'easy recipe', 'shorts', 'viral shorts', 'trending shorts', 'cooking shorts', 'food shorts']",22,7674921,280752,1338,3.0,7674921,280752,1338,0.03675477571690966,0.03658044167490453,0.0001743340420051229,268,12,96,0.08333333333333333,19,241,18,28637.764925373136
VQ8uSAPTUB4,My top 5 songs of 2025,Watch the newest videos from Hollywood Records now! #shorts #trending #hwrpartner,2025-09-15 20:38:31+00:00,PT59S,[],24,190523,5694,106,0.9833333333333333,190523,5694,106,0.030442518751016938,0.029886155477291454,0.000556363273725482,35,6,22,0.045454545454545456,11,81,0,5443.5142857142855
aMcmfonGWY4,BLINK TWICE | Official Trailer,"This summer, make some memories. Watch the official trailer for #BlinkTwiceMovie directed by Zo√´ Kravitz and starring Naomi Ackie and Channing Tatum. Only in theaters August 23rd.

Directed By: Zo√´ Kravitz
Starring: Kyle MacLachlan, Adria Arjona, Channing Tatum
Written By:  E.T. FeigenbaumZo√´ Kravitz & Zo√´ Kravitz

Follow BLINK TWICE on social:
https://instagram.com/blinktwicemovie
https://facebook.com/blinktwicemovie

About MGM Studios: Metro Goldwyn Mayer (MGM) is a leading entertainment company focused on the production and global distribution of film and television content across all platforms. The company owns one of the world‚Äôs deepest libraries of premium film and television content as well as the premium pay television network MGM+, which is available throughout the U.S. via cable, satellite, telco and digital distributors.  In addition, MGM has investments in numerous other television channels, digital platforms and interactive ventures and is producing premium short-form content for distribution. 

Connect with MGM Studios Online
Visit the MGM Studios WEBSITE: http://www.mgm.com/
Check out MGM on TIKTOK: https://www.tiktok.com/@amazonmgmstudios
Follow MGM Studios on INSTAGRAM: https://www.instagram.com/amazonmgmstudios/
Follow MGM Studios on TWITTER: https://twitter.com/amazonmgmstudio
Like MGM Studios on FACEBOOK: https://www.facebook.com/AmazonMGMStudios

BLINK TWICE | Official Trailer
https://www.youtube.com/MGM

#MGM #BlinkTwice #ChanningTatum",2024-04-23 16:00:14+00:00,PT2M42S,"['MGM', 'MGM Studios', 'Metro-Goldwyn- Mayer', 'Metro Pictures Corporations', 'Goldwyn Pictures', 'Louis B. Mayer Pictures', 'MGM Pictures', 'United Artists', 'Metro MGM/UA', 'Blink Twice', 'Blink Twice 2024', 'Blink Twice Trailer', 'Blink Twice Official Trailer', 'Official Trailer', 'Trailer', 'Zo√´ Kravitz', 'Kyle MacLachlan', 'Adria Arjona', 'Channing Tatum', 'Alia Shawkat', 'Geena Davis', 'Haley Joel Osment', 'Christian Slater', 'Simon Rex', 'New Movies 2024']",24,13098335,39894,3118,2.7,13098335,39894,3118,0.0032837761440671657,0.0030457306214873876,0.00023804552257977827,546,5,30,0.4,184,1481,25,23989.62454212454
C6Gid2YRDBs,"Pixel 9 at ‚Çπ35,999: This or the S24?","The Pixel 9 deal on the Flipkart Big Billion Days Sale 2025has been all hyped up. I mean, last year's Pixel under 40K sounds awesome but we all know about Pixel: performance concerns, doubts on battery life, connectivity, and add to that, the Galaxy S24 with Snapdragon, which will also be going under 40K in this sale. 

So, the question is, should you buy the Pixel 9 or the S24 Snapdragon in this sale? We put Pixel 9 vs S24 Snapdragon to find out!

Chapters:
0:00 Pixel 9 vs S24 Snapdragon!
0:35 What's Really Good At This Deal Price?
3:41 The Concerns
6:32 Pixel 9 vs S24 Snapdragon

#Sillycorns",2025-09-18 14:21:39+00:00,PT7M51S,"['pixel 9 vs s24', 'pixel 9 vs s24 in this sale', 'pixel 9 vs s24 snapdragon', 'google pixel 9', 'google pixel 9 vs s24 snapdragon', 'google pixel 9 vs galaxy s24 snapdragon', 'pixel 9 vs s24 fe', 'pixel 9 vs s24 in bbd', 'pixel 9 vs s24 camera test', 'pixel 9 vs s24 battery test', 'pixel 9 vs s24 comparison', 's24 vs pixel 9', 's24 snapdragon vs pixel 9', 's24 snapdragon vs pixel 9 comparison', 'pixel 9 should you buy', 'pixel 9 review in 2025', 'pixel 9 deal', 'sillycorns', 'trending', 'bbd sale 2025', 'comparison']",28,621024,9160,1669,7.85,621024,9160,1669,0.01743732931416499,0.014749832534652445,0.002687496779512547,33,8,36,0.08333333333333333,109,600,21,18818.909090909092
5A4yu9AaC-8,20 Minute Dance Workout At Home | Exercise To Lose Weight FAST | Zumba Class,"‚ñ∫ 20 Minute Dance Workout At Home | Exercise To Lose Weight FAST | Zumba Class
#MiraPham #AerobicWorkout #ZumbaClass 
‚ñ¨‚ñ¨‚ñ¨‚ñ¨‚ñ¨‚ñ¨‚ñ¨‚ñ¨‚ñ¨‚ñ¨
·É¶ ùêãùêàùêäùêÑ & ùêíùêîùêÅùêíùêÇùêëùêàùêÅùêÑ:
         üíï Youtube: https://www.youtube.com/@zumbaclass.mirapham
‚ñ¨‚ñ¨‚ñ¨‚ñ¨‚ñ¨‚ñ¨‚ñ¨‚ñ¨‚ñ¨‚ñ¨
         ‚úâ zumbaclass.fitness@gmail.com
         ¬© Copyright by Zumba Class ‚òû Do not Reup",2025-09-19 22:00:11+00:00,PT19M36S,"['Zumba Class', 'zumba dance workout for belly fat', 'zumba dance', 'zumba dance workout', 'exercise', 'zumba', 'jumba jumba dance', 'aerobic exercise', 'zumba workout', 'exercises to lose belly fat', 'sumba sumba dance exercise', 'zumba exercise', 'exercise to lose weight fast at home', 'belly fat workout', 'aerobics workout for weight loss', 'jumba jumba dance for belly fat', 'dance workout to lose weight', 'dance', 'aerobics', 'zumba classes', '20 Minute Dance Workout At Home', 'Exercise To Lose Weight FAST', 'aerobic']",26,213141,1393,17,19.6,213141,1393,17,0.006615339141694934,0.006535579733603577,7.975940809135736e-05,31,15,76,0.19736842105263158,39,314,23,6875.5161290322585
UnmgRNhBOlY,"New York Knicks vs Minnesota Timberwolves Full Game Highlights - October 9, 2025 | NBA Preseason","Trade the NBA on Kalshi in all 50 States
Get $10 when you trade $100 using:  https://kalshi.com/gametimehighlights

‚óÜGAMETIME HIGHLIGHTS is your home for ALL NBA HIGHLIGHTS!
SUBSCRIBE Here: https://bit.ly/3S8ObFW

#nbahighlights #nba #gametimehighlights

This video was edited to follow youtube's fair use guidelines:
Copyright Disclaimer under Section 107 of the copyright act 1976, allowance is made for fair use for purposes such as criticism, comment, news reporting, scholarship, and research.",2025-10-10 02:11:06+00:00,PT9M26S,"['New York Knicks vs Minnesota Timberwolves full game highlights', 'NBA preseason 2025', 'Knicks Timberwolves', 'Minnesota Timberwolves', 'New York Knicks', 'Knicks vs Timberwolves', 'Timberwolves vs Knicks 2025', 'Knicks Timberwolves highlights', 'Timberwolves vs Knicks full game', 'NBA October 2025', 'New York Knicks highlights', 'Minnesota Timberwolves highlights']",17,313578,2201,128,9.433333333333334,313578,2201,128,0.007427179202622633,0.007018987301405073,0.0004081919012175599,11,16,96,0.13541666666666666,69,498,12,28507.090909090908
krmVt3Vszuw,"TOP, aka Thanos from Squid Game #trending #thanos #top #squidgame #squidgame2 #bigbang #song #shorts",,2024-12-31 18:22:36+00:00,PT15S,[],1,9669384,267789,5202,0.25,9669384,267789,5202,0.028232512019379933,0.027694525318262258,0.000537986701117672,293,14,100,0.06,0,0,0,33001.31058020478
mDfdNTf4FA0,DRACULA Official Trailer (2025),First movie trailer for Dracula starring Caleb Landry Jones.,2025-06-05 14:08:21+00:00,PT2M27S,[],1,1378293,16243,1603,2.45,1378293,16243,1603,0.012947900047377444,0.01178486722344233,0.001163032823935114,138,4,31,0.2903225806451613,9,60,0,9987.630434782608
t5XNWFw5HVw,Usher - Burn (Official Music Video),"Usher's official music video for 'Burn'. Click to listen to Usher on Spotify: http://smarturl.it/UsherSpotify?IQid=...

As featured on Confessions. Click to buy the track or album via iTunes: http://smarturl.it/UsherCnfshnsiTunes...
Google Play: http://smarturl.it/UsherBurnplay?IQid...
Amazon: http://smarturl.it/UsherCnfshnsAmz?IQ...

More from Usher
I Don't Mind: https://youtu.be/nSKUXqJ5l1k
Good Kisser: https://youtu.be/1lQtoRFaLsA
U Got It Bad: https://youtu.be/o3IWTfcks4k

Follow Usher
Website: http://usherworld.com/
Facebook: https://www.facebook.com/usher/
Twitter: https://twitter.com/usher
Instagram: https://instagram.com/howuseeit/

Subscribe to Usher on YouTube: http://smarturl.it/UsherSub?IQid=Ushe...

More great Classic RNB videos here: http://smarturl.it/ClassicRNB?IQid=Us...

---------

Lyrics:

Girl, understand why
See it's burning me to hold onto this
I know this is something I gotta do
But that don't mean I want to
What I'm trying to say is that I-love-you I just
I feel like this is coming to an end
And its better for me to let it go now than hold on and hurt you
I gotta let it burn

It's gonna burn for me to say this
But it's coming from my heart
It's been a longtime coming
But we done been fell apart
Really wanna work this out
But I don't think you're gonna change ya
I do but you don't
Think it's best we go our separate ways
Tell me why I should stay in this relationship
When I'm hurting baby, I ain't happy baby
Plus theres so many other things I gotta deal with
I think that you should let it burn

When your feeling ain't the same and your body don't want to
But you know gotta let it go cause the party ain't jumpin' like it used to
Even though thismight bruise you
Let it burn
Let it burn
Gotta let it burn

Deep down you know it's best for yourself but you
Hate the thought of her being with someone else
But you know that it's over
You know that it was through
Let it burn
Let it burn
Gotta let it burn""",2009-10-25 07:06:07+00:00,PT4M28S,"['burn official music video', 'Ushervevo', 'usher vevo', 'boondocks', 'confessions', 'acoustic', 'video', 'music', 'burn lyrics', 'usher burn', 'instrumental', 'pop', 'burn official', 'contemporary and', 'hip hop', 'pharrell', 'good kisser', 'vevo', 'my way', 'official', 'download', 'usher live', 'karaoke', 'remix', 'channel', 'live 2015', 'lyrics', 'here stand', 'audio', 'official video', 'cover', 'burn live', 'looking myself', 'usher', 'rnb', 'Sony', ""don't mind"", '8701', 'usher official', 'music video', 'playlist', 'usher lyrics', 'single', 'album', 'raymond raymond']",10,393487249,1385959,40978,4.466666666666667,393487249,1385959,40978,0.0036263868870627623,0.0035222462824964374,0.00010414060456632485,5840,6,35,0.14285714285714285,309,1951,45,67377.95359589042
rYKxJdDO5Sk,How to Get Paid on YouTube üëâ 4 Things YOU Need,"If You Want to Get Paid on YouTube, This is What you Need to do! ******  FREE ON-DEMAND CLASS üéØ Learn 3 Secrets for Growing Your YouTube Channel in 2023: http://ThinkMasterclass.com 

This video is not sponsored. Some product links are affiliate links which means if you buy something we'll receive a small commission. 

üìí Show Notes  üìí  

 üì± Subscribe and Listen to the Think Media Podcast HERE:
YT:   @ThinkMediaPodcast 
Apple: https://apple.co/2F3tmIS
Spotify: https://spoti.fi/36qevE8

Our mission here at Think Media is to help 10,000 purpose-driven entrepreneurs go full-time doing what they love and making an impact through the power of video. 

Here are the ways to work with us here at Think Media: 
‚ö°Ô∏èFREE CLASS: Watch our FREE YouTube class here: http://ThinkMasterclass.com 

‚ö°Ô∏èBOOK: Check out the #1 best-selling book YouTube Secrets here: http://TubeSecretsBook.com 

‚ö°Ô∏èCONFERENCE: Stay Up to Date on the #1 Conference to Grow Your Personal Brand With Video: http://GrowWithVideoLive.com 

‚ö°Ô∏èCOURSES/ COACHING / MASTERMINDS: Learn about our online courses and in-person events by talking to one of our Think Master Coaches. Grab a spot on our calendar for a 15 min discovery call: http://TalkWithThink.com

Connect with Heather Torres
Instagram: https://www.instagram.com/mrsheathertorres/
YouTube: https://www.youtube.com/user/THiNKmediaTV
Website:https://thinkmedia.com/
Facebook: https://www.facebook.com/mrsheathertorres
Twitter: https://twitter.com/hrtorres 

#thinkmedia #heathertorres

For Support inquires, or Business inquiries, please go to http://ThinkMediaSupport.com

QUESTION ‚Äî Have a question about Online Video, Video Production, Tech, Marketing, or Anything Else? Post in the comments section of this video!

Subscribe to Think Media Here: https://www.youtube.com/THiNKmediaTV

Music provided by Epidemic Sounds. Start your free trial here ‚û°Ô∏è https://ThinkMediaSounds.com

Disclaimer: Please see the link for our disclaimer policy for all of our videos on the Think Media and Think Media Podcast YouTube channels. https://go.thinkmedia.com/youtube-disclaimer",2022-07-23 12:00:26+00:00,PT25S,"['how to start a youtube channel for beginners', 'starting a youtube channel', 'create a youtube channel', 'youtube for beginners', 'how to start a youtube channel 2022', 'how to start on youtube', 'how to create a youtube channel', 'think media', 'heather torres', 'youtube', 'how to make money on youtube', 'make money online', 'make money', 'how to make money online', 'best ways to make money', 'make money online 2022', 'how to earn money online', 'earn money online']",24,1724664,59265,1118,0.4166666666666667,1724664,59265,1118,0.035011457304147356,0.03436321509580997,0.0006482422083373921,1186,11,46,0.21739130434782608,274,2090,18,1454.185497470489
YKLo2-Mtiw0,Highlights from a WILD Game 3 in New York ü§Ø #MLB #Yankees #Playoffs #Baseball,"#FOXSports #MLB #Yankees

About FOX Sports:
With exclusive highlights, original programming, and behind the scenes footage, FOX Sports' YouTube channel provides the sports content that fans are hungry for. FOX Sports coverage includes: College Basketball, College Football, MLB, NASCAR, NFL, Soccer, and the FIFA World Cup.

www.youtube.com/@foxsports",2025-10-08 04:09:20+00:00,PT1M1S,"['fox', 'fox sports', 'fs1', 'fox sports 1', 'sports', 'news', 'sports fox', 'fox sports highlights', 'highlights', 'sports podcast', 'podcast', 'fs1 podcast']",17,25407,490,27,1.0166666666666666,25407,490,27,0.02034872279293108,0.01928602353682056,0.0010626992561105207,13,14,77,0.18181818181818182,47,351,12,1954.3846153846155
gElHCVftDag,Fitbycoachkel.com #barre #pilates #fitness #workout,,2023-09-15 03:02:19+00:00,PT17S,[],26,6126382,187121,637,0.2833333333333333,6126382,187121,637,0.030647452280971054,0.030543475741473515,0.00010397653949753704,767,5,51,0.0196078431372549,0,0,0,7987.460234680574
fOzbYgK1uAY,‡∞™‡∞ø‡∞∏‡∞ø‡∞®‡∞æ‡∞∞‡∞ø ‡∞®‡∞æ‡∞®‡±ç‡∞® part -24 üòÇüòÇ || Allari Aarathi Videos #trending trending #comedyfilms #funny,"Thanks to all audience and many others who made this projects sucessful. please do support for Allari Aarathi youtube channel and share to yours friends.

Follow me on instagram https://instagram.com/allari_aarathi?igshid=YmMyMTA2M2Y=

For Branding and Collaborations Mail to 
teampromotions9@gmail.com
‚Äì‚Äì‚Äì‚Äì‚Äì‚Äì‚Äì‚Äì‚Äì‚Äì‚Äì‚Äì‚Äì‚Äì‚Äì‚Äì‚Äì‚Äì‚Äì‚Äì‚Äì‚Äì‚Äì‚Äì‚Äì‚Äì‚Äì‚Äì‚Äì‚Äì

My emotional concepts
https://youtu.be/P52scyYozNA?si=E9bCkrtSO6QmZ3Us

Pirikidhyam part 1-5
https://youtu.be/W0PyoKodRfw?si=_ZTE0N0AIVoZ0xp2

Thingariseetha part 1-11 
https://youtu.be/ZUi6Si1Enlo?si=ZWBMGQE9zxydJLwc

Independence day special video
https://youtube.com/shorts/hxa4OhC7U2o?feature=share

Food and blanket distribution to the poor people
https://youtu.be/xKtQurv8MRA

Thingari seetha making video
https://youtu.be/DwWmmsi_DWk

Kothajanta parts
https://youtu.be/G4z_2_nMu84

Raki special comedy video
https://youtu.be/hXRB05y_0_w?si=wb0FykhLiJ7QZ9lx

Fake news viral cheyakandi 
https://youtube.com/shorts/PXYRNGe7I9I 

Be care ful respect women part 1
 https://youtube.com/shorts/kpyPEkcyafw 

Be care ful respect women part 2 
https://youtube.com/shorts/CrUJI4s7J8M 

For short films, Comedy videos & Sketch videos --- Subscribe to our official channel ""Allari Aarathi"" https://www.youtube.com/c/AllariAarathi 

Allari Aarathi was a personal blog for entertainment üé≠ not only for commercial purpose, & we really thankfull YouTube ‚ñ∂Ô∏è for this wonderful platform... This videos was shooted in our own cameras & the content of video & Audio are reserved to our own.. 

our famous series thingari seetha, Pisinari nanna, Kothajantha, jathirathanalu, Aparijithuralu .... many more emotional contents .. Hope you all loved all the contents and keep supporting us.

THANKING YOU, 
yours Allari Aarathi

#cinematic  
 #tollywood #acting #trending #telugushorts #comedyvideos #allariaarathi #teluguvlogs #girl #women_respect_video #girl #fathersday #cinema #tiktok #trending #trend #trendingshorts #travel #disha #tollywood #lakshman #reviews #reels #instatrending #tollywoodnews #chitram #chitra  #telugu  @Allari Aarathi @sourik samanta @CINEMA VIBES  @2GudTeddy ‚Äã#shorts",2024-03-21 02:35:34+00:00,PT1M,"['Allari aarathi', 'youtube shorts', 'trending shorts', 'viral', 'aarathi', 'Aarthi short videos', 'telugu', 'mogudu pellam godavalu', 'mogudu pellam', 'kothajanta', 'thinagari seetha', 'pisinari nanna', 'jathirathanalu', 'shorts', 'telugu famous shorts channel', 'trending']",24,5963625,237732,325,1.0,5963625,237732,325,0.03991817057578235,0.03986367352071936,5.449705506298602e-05,579,13,90,0.03333333333333333,227,2115,16,10299.870466321243
J-nVn0WolYE,Google Pixel Watch 4 Review | What's Actually Changed?,"Reviewing Google's Pixel Watch 4 (41mm model) after two weeks of testing as my full-time smartwatch. You've got a few upgrades for this 2025 model, including a (slight) battery increase and improved haptics. But is the Google Pixel Watch 4 one of the best WearOS smartwatches for you?

Well, I'm certainly a fan of that WearOS 6 setup. Notification support is as smooth as ever, while you've got impressive app support. You can live stream your Nest doorbell or control your smart home, so anyone embracing the ecosystem will get the most from Google's Pixel Watch 4.

Performance on the whole is fine, with the new W5 Gen 2 running the show. Sometimes you'll see a wee stumble or an app will take a while to load. And this smartwatch once again suffers from a less-than-significant battery life. The Pixel Watch 4 simply can't compete with some rival wearables, which I discuss in this review.

Still, if you're after a good looking curvy smartwatch with lots of Google support, you could do worse. Would you be tempted by the Pixel Watch 4? Let us know below!

Google Pixel Watch 4 Review Chapters:
0:00 - Well hello there
0:32 - Design
3:16 - Pixel Watch app
4:18 - Display
5:28 - Watch faces
6:26 - WearOS 6
7:58 - Haptics
8:33 - Apps
9:59 - Gemini
11:03 - Fitbit & fitness tracking
12:20 - Exercise tracking
14:04 - Sleep tracking
14:27 - Performance
14:53 - Battery life
17:11 - Verdict",2025-10-09 13:34:07+00:00,PT18M23S,"['pixel watch', 'pixel watch 4', 'pixel watch 4 review', 'pixel watch review', 'pixel watch 2025', 'pixel watch 4 2026', 'pixel smartwatch', 'google pixel watch 4', 'google pixel watch 4 review', 'best smartwatch 2025', 'best smartwatches 2025', 'top smartwatch 2025', 'top smartwatches 2025', 'wear os', 'wear os 6', 'pixel watch 4 vs galaxy watch 7', 'pixel watch 4 41mm', 'pixel watch 4 41mm review', 'pixel watch 4 41mm vs 45mm', 'pixel watch 4 mkbhd', 'google', 'pixel watch 41mm', 'pixel watch review 41mm']",28,33325,1078,93,18.383333333333333,33325,1078,93,0.03513878469617404,0.03234808702175544,0.0027906976744186047,12,9,54,0.12962962962962962,249,1392,23,2777.0833333333335
oRxa8HM6KsQ,Chocolate üç´ üç´  recipe || #recipe #video #cooking #food #trend #shorts #yummy #new #reels #funny,"cookinghacks

#cooking

#cookingtips

#viralvideos

#viralreels

#viralinstagram

#viralmemes

#viralreelsvideo

#viralsongs

#trendingreels

#trending

#trendingnow

#trendingsong

#trendingvideos

#dimsum recipe || #recipe #video #cooking #food #trend #shorts #yummy #new #reels #funny
#dimsumfrozen

#dumplings


#dumplingsoup


##viral

#cheflife

#hotellife",2025-04-30 04:35:53+00:00,PT14S,[],27,1701802,0,49,0.23333333333333334,1701802,0,49,2.8793008822412948e-05,0.0,2.8793008822412948e-05,174,15,95,0.010526315789473684,33,362,0,9780.471264367816
h15_tXek5lY,AEROBIC DANCE WORKOUT TO LOSE BELLY FAT FASTER AT HOME,"‚úÖRecommended Workout Routine 
Week 1 üëâ Do It 3 Days a Week 
Week 2 üëâDo lt 4 Days a Week
Week 3üëâDo It 5 Days a Week
Week 4 üëâand beyond & Do It 6 Days a Week

üìÜHere is AUGUST FREE WORKOUT ROUTINE;
https://irenemutwiri.online

ü•óFree Healthy Recipes; https://irenemutwiri.online/healthy-recipes/

üé∂Music; https://share.epidemicsound.com/582gnv",2025-08-07 03:56:36+00:00,PT22M19S,[],17,865778,9244,215,22.316666666666666,865778,9244,215,0.01092543354069981,0.010677101982263352,0.0002483315584364583,75,10,54,0.8333333333333334,51,339,0,11543.706666666667
bQZ5xpTHBz4,Apple Reacts to Xiaomi 17 Pro Max,"Just because the iPhone 17 Pro looked silly doesn‚Äôt mean other companies won‚Äôt copy it.

SUPPORT: https://funkytime.tv/patriot-signup/
MERCH: https://funkytime.tv/shop/
FUNKY TIME WEBSITE: https://funkytime.tv

FACEBOOK: http://www.facebook.com/SamtimeNews
TWITTER: http://twitter.com/SamtimeNews
INSTAGRAM: http://instagram.com/samtimenews

-----------------------------------

'Escape the ordinary. Embrace the FUNKY!'

-----------------------------------

SAMTIME is a parody channel and does not represent the tech company featured.

For sponsorship enquiries: samtime@bossmgmtgrp.com
For other business enquiries: business@funkytime.tv
Copyright FUNKY TIME PRODUCTIONS 2025",2025-09-26 17:28:05+00:00,PT3M44S,"['xiaomi 17 pro', 'xiaomi 17 pro Max', 'xiaomi', 'iphone 17 pro', 'iphone 17 pro max', 'comparison', 'screen', 'back', 'plateau', 'funny', 'parody', 'review', 'reaction', 'samtime', 'sam tucker', 'repsonds', 'copies', 'copy']",23,507402,19829,2182,3.7333333333333334,507402,19829,2182,0.0433798053614294,0.03907946756220906,0.004300337799220342,24,7,33,0.15151515151515152,64,678,18,21141.75
Hrehnzvp-js,I think you lost something... ü§£ #FailArmy,"Thanks for watching!

‚ñº Follow us for more fails! 
https://linktr.ee/failarmy 

‚ñ∫‚ñ∫‚ñ∫ Submit a video for the chance to be featured! https://www.failarmy.com/pages/submit-video 

FailArmy is the world‚Äôs number one source for epic fail videos and hilarious compilations. Our shorts channel is where you can catch all of our best videos in one place! We‚Äôre powered by fan submissions and feedback from all around the world, with over 69 million fans across digital platforms! 

To license any of the videos shown on FailArmy, please visit Jukin Media at http://bit.ly/jukinlicense 

#FailArmy",2023-02-09 14:00:08+00:00,PT20S,"['failarmy', 'fails', 'fail army funny', 'failarmy 2022', 'fails of the week', 'fails 2022', 'fails compilation', 'fail compilation 2022', 'funny fails 2022', 'epic fails', 'funny videos 2022', 'funny videos', 'try not to laugh memes', 'try not to laugh', 'fail of the week 2022', 'car fails', 'expensive fails', 'worst fails', 'skateboarding', 'best fails 2022', '2022', '2021', '2020', 'cctv fails', 'cctv footage', 'animal fails', 'funny animal videos', 'best of the year', 'funny fails', 'fail compilation', 'instant karma', 'afv videos']",23,8182777,97483,4488,0.3333333333333333,8182777,97483,4488,0.012461661853915854,0.011913192795062116,0.0005484690588537363,985,7,41,0.07317073170731707,87,587,32,8307.387817258883
SZrXismToWg,STING Trailer (2024) #short #movie #trailer #teaser #sting #spiderman #spider #movie #action,"#Networktrailer
Watch this movie with your family..
‚ïî‚ïê‚ï¶‚ïó‚ïî‚ï¶‚ïó‚ïî‚ïê‚ï¶‚ïê‚ï¶‚ï¶‚ï¶‚ï¶‚ïó‚ïî‚ïê‚ïó
‚ïë‚ïö‚ï£‚ïë‚ïë‚ïë‚ïö‚ï£‚ïö‚ï£‚ïî‚ï£‚ïî‚ï£‚ïë‚ïö‚ï£‚ïê‚ï£ 
‚ï†‚ïó‚ïë‚ïö‚ïù‚ïë‚ïë‚ï†‚ïó‚ïë‚ïö‚ï£‚ïë‚ïë‚ïë‚ïë‚ïë‚ïê‚ï£
‚ïö‚ïê‚ï©‚ïê‚ïê‚ï©‚ïê‚ï©‚ïê‚ï©‚ïê‚ï©‚ïù‚ïö‚ï©‚ïê‚ï©‚ïê‚ïù
üéûüéûüéûüéûüéûüìΩüì∫üé•üéûüéûüéûüéûüéû
Welcome to our YouTube channel, the ultimate destination for all things Marvel movies, Netflix films, and beyond! Prepare to dive into a captivating world of cinematic wonders as we take you on a thrilling journey through the realms of superheroes, extraordinary powers, and gripping storytelling.

As avid fans of the Marvel Cinematic Universe (MCU), we bring you the latest updates, behind-the-scenes insights, and in-depth analysis of all the iconic Marvel movies. From the breathtaking action sequences of ""Avengers: Endgame"" to the mind-bending adventures of Doctor Strange, we leave no stone unturned in exploring the vast Marvel universe.

But our channel doesn't stop there! We also delve into the exciting world of Netflix movies, featuring everything from thrilling action flicks to heartwarming dramas. Join us as we uncover hidden gems, discuss fan theories, and review the latest releases from Netflix, ensuring you never miss out on the next binge-worthy masterpiece.

Beyond Marvel and Netflix, we explore a myriad of other films that have captivated audiences worldwide. From epic blockbusters to indie sensations, we celebrate the art of storytelling in all its forms. Whether it's a thought-provoking drama, a heart-pounding thriller, or a hilarious comedy, we're here to share our passion and expertise, providing you with compelling reviews, recommendations, and discussions.

Join our vibrant community of movie enthusiasts, where you can engage in lively conversations, share your opinions, and stay up to date with the latest movie news. We also love to celebrate the creativity of fan art, cosplay, and tributes, so be sure to join us in embracing the incredible fandom culture surrounding these cinematic universes.

So, if you're ready to embark on an adventure through the Marvel Cinematic Universe, explore the diverse offerings of Netflix, and discover an array of captivating films, you've come to the right place. Subscribe to our channel now and let the journey begin! Excelsior!
üéûüéûüéûüéûüéûüìΩüì∫üé•üéûüéûüéûüéûüéû
Get your popcorn ready, buckle up, and let the movies transport you to a realm where anything is possible.""
.
.
.
.
.
.
üõéSubscribe to receive movies trailer, All The Must-See Movie Trailers, Film Clips & Videos are HERE!
Comedy, Kids & Family, Animated Films, Blockbusters, Marvel Movies, Action Movies, sci-fi & Fantasy Flicks... Don't miss the latest movie and blockbuster trailers.",2024-02-17 13:43:46+00:00,PT28S,"['STING Trailer (2024)', 'sting trailer', 'trailer 2024', 'sting official trailer', '#stingray', '#stingo', '#stingoperation', '#stingettes', '#sting2023', '#stinger', '#stingraykaraoke', '#stingmovie', '#stingray_fish', '#stingmusicverse', '#Sting movie shorts trailer', '#Sting movie teaser', '#Sting official movie starring casts', '#Sting casts', '#Sting movie about', '#Sting movie trailer', '#Sting movie', '#Sting movie spider?', '#Spider sting movie', '#Sting movie official trailer film', '#Sting film', '#Sting', '#Sting movie shorts']",1,32081,0,0,0.4666666666666667,32081,0,0,0.0,0.0,0.0,612,12,92,0.06521739130434782,386,2557,27,52.419934640522875
o_v9MY_FMcw,One Direction - Best Song Ever,"One Direction ‚Äì Best Song Ever (Official Video)
Follow on Spotify - https://1D.lnk.to/Spotify
Listen on Apple Music - https://1D.lnk.to/AppleMusic
Listen on Amazon Music - https://1D.lnk.to/AmazonMusic
Listen on Deezer - https://1D.lnk.to/Deezer 
Listen on YouTube Music - https://smarturl.it/OneDirection_YTMusic

Check out One Direction‚Äôs 10 Year Anniversary website here:
https://1D.lnk.to/10YearsOf1DWebsite
  
WATCH STORY OF MY LIFE MUSIC VIDEO ‚ñ∫ https://smarturl.it/OneDirection_SOML
WATCH WHAT MAKES YOU BEAUTIFUL MUSIC VIDEO ‚ñ∫ https://smarturl.it/1D_WMYB
WATCH DRAG ME DOWN MUSIC VIDEO ‚ñ∫ https://smarturl.it/OneDirection_DMD
WATCH HISTORY MUSIC VIDEO ‚ñ∫ https://smarturl.it/OneDirection_H  
WATCH STEAL MY GIRL MUSIC VIDEO ‚ñ∫ https://smarturl.it/OneDirection_SMG
WATCH YOU & I MUSIC VIDEO ‚ñ∫ https://smarturl.it/OneDirection_Y_and_I

Subscribe to the One Direction YouTube channel - https://smarturl.it/OneDirection_YT_Sub

Follow One Direction:
Facebook - https://www.facebook.com/onedirection/
Twitter - https://twitter.com/onedirection
Instagram - https://www.instagram.com/onedirection/
 
Lyrics
[Harry:]
Maybe it's the way she walked (wow)
Straight into my heart and stole it
Through the doors and passed the guards (wow)
Just like she already owned it

[Zayn:]
I said, ""Can you give it back to me?""
She said, ""Never in your wildest dreams.""

[All:]
And we danced all night to the best song ever
We knew every line
Now I can't remember
How it goes but I know
That I won't forget her
'Cause we danced all night to the best song ever

I think it went oh, oh, oh
I think it went yeah, yeah, yeah
I think it goes...

[Liam:]
Said her name was Georgia Rose (wow)
And her daddy was a dentist

[Harry:]
Said I had a dirty mouth (I got a dirty mouth)
But she kissed me like she meant it

[Niall:]
I said, ""Can I take you home with me?""
She said, ""Never in your wildest dreams.""

[All:]
And we danced all night to the best song ever
We knew every line
Now I can't remember
How it goes but I know
That I won't forget her
'Cause we danced all night to the best song ever

I think it went oh, oh, oh
I think it went yeah, yeah, yeah
I think it goes...

[Louis:]
You know, I know, you know I'll remember you
And I know, you know, I know you'll remember me

(oh, oh, oh
Yeah, yeah, yeah)

[Zayn:]
You know, I know, you know I'll remember you
And I know, you know, I hope you remember how we danced
How we danced
1, 2, 1, 2, 3

[All:]
How we danced all night to the best song ever
We knew every line
Now I can't remember
How it goes but I know
That I won't forget her
'Cause we danced all night to the best song ever
(we danced, we danced, it goes something like, yeah)
Danced all night to the best song ever
We knew every line
Now I can't remember
How it goes but I know
That I won't forget her
'Cause we danced all night to the best song ever

I think it went oh, oh, oh
I think it went yeah, yeah, yeah
I think it goes...

[Zayn:]
Best song ever
It was the best song ever
It was the best song ever

#OneDirection #BestSongEver #10YearsOf1D #OneDirectionOfficial #1D #OneDirectionBestSongEver",2013-07-22 17:10:08+00:00,PT6M13S,"['One Direction', 'OneDirectionvevo', 'vevo', 'official', 'what makes you beautiful', 'video', 'music video', 'drag me down', 'single', 'story of my life', 'album', 'Niall Horan', 'pop', 'Liam Payne', 'Best Song Ever', 'Harry Styles', 'Midnight Memories', 'Louis Tomlinson', 'teen pop', 'Zayn Malik', 'Drag Me Down', 'Night Changes', 'Perfect', 'best song ever', 'Story of My Life', 'What Makes You Beautiful', 'Kiss You', 'Little Things', 'Gotta Be You', '1D Songs', 'One Direction Official', 'Louise']",10,821899590,7103663,1002794,6.216666666666667,821899590,7103663,1002794,0.009863074636647526,0.008642981559341087,0.0012200930773064384,4473,6,30,0.16666666666666666,511,3089,32,183746.83433936955
gaUiPGEJtuo,üçú Veg Chow mein recipe | Noodles Recipe,"@INDIANDISHESFOOD 

#food #asmr #cooking #recipe #chowmein #noodles",2024-09-17 05:30:12+00:00,PT11S,[],22,6724405,39264,78,0.18333333333333332,6724405,39264,78,0.005850629163472456,0.005839029624182363,1.1599539290093324e-05,399,8,39,0.10256410256410256,7,67,0,16853.145363408523
S9bCLPwzSC0,Eminem - Mockingbird [Official Music Video],"Eminem - Mockingbird
Listen: https://eminem.lnk.to/mockingbird
Spotify: https://eminem.lnk.to/mockingbird/spotify
Apple Music: https://eminem.lnk.to/mockingbird/applemusic
Amazon Music: https://eminem.lnk.to/mockingbird/amazonmusic

Playlist Best of Eminem: https://goo.gl/AquNpo

http://eminem.com
http://facebook.com/eminem
http://twitter.com/eminem
http://instagram.com/eminem

http://shadyrecords.com
http://facebook.com/shadyrecords
http://twitter.com/shadyrecords
http://instagram.com/shadyrecords

#Eminem #Mockingbird

Music video by Eminem performing Mockingbird. YouTube view counts pre-VEVO: 14,297,644. (C) 2004 Aftermath Entertainment/Interscope Records

#Eminem #Mockingbird #Remastered",2009-12-25 04:20:46+00:00,PT4M18S,"['EMINEM', 'EMINEM MOCKINGBIRD', 'MOCKINGBIRD', 'MOCKINGBIRD EMINEM', 'MOCKINGBIRD official music video', 'MOCKINGBIRD remastered video', 'EMINEM remastered', 'EMINEM remastered videos', '#remastered', 'hd music videos', 'remastered music videos', 'SLIM SHADY', 'MARSHALL MATHERS', 'ÌïúÍ∏ÄÏûêÎßâ', 'Êó•Êú¨Ë™ûÂ≠óÂπï', 'subt√≠tulos en espa√±ol', 'T√ºrk√ße Altyazƒ±lƒ±', 'Ph·ª• ƒë·ªÅ ti·∫øng Vi·ªát', 'Subtitles in Tagalog', 'Teks dalam Bahasa Indonesia', '‡§â‡§™‡§∂‡•Ä‡§∞‡•ç‡§∑‡§ï ‡§π‡§ø‡§Ç‡§¶‡•Ä ‡§Æ‡•á‡§Ç', 'Sarikata Dalam Bahasa Malaysia', '‡∏Ñ‡∏≥‡∏ö‡∏£‡∏£‡∏¢‡∏≤‡∏¢‡∏†‡∏≤‡∏©‡∏≤‡πÑ‡∏ó‡∏¢', '„Ç®„Éü„Éç„É†', 'ÏóêÎØ∏ÎÑ¥', 'ÂüÉÁ±≥Á∫≥ÂßÜ']",10,1348775437,10852701,377141,4.3,1348775437,10852701,377141,0.00832595381850804,0.008046336478471916,0.00027961734003612346,5779,6,43,0.11627906976744186,47,700,26,233392.53106073715
39SPmgJw1Mg,Venus & Serena's RIDICULOUS rally! üò±,"Venus Williams and Serena Williams' ridiculous rally in the quarterfinals of the 2008 US Open. #Shorts

Don't miss a moment of the US Open! Subscribe now: https://bit.ly/2Pdr81i

The US Open is the final Grand Slam of the year and takes place at the USTA Billie Jean King National Tennis Center. The 2021 US Open saw Russia's Daniil Medvedev and Great Britain's Emma Raducanu claim the men's and women's singles titles. It was both players' first major title, with 18-year-old Raducanu becoming the first-ever qualifier to achieve the feat. The 2022 US Open main draw is scheduled to go ahead between August 30 - September 11.

Twitter: https://twitter.com/usopen
Facebook: https://facebook.com/usopentennis
Instagram: https://instagram.com/usopen
Website: https://www.usopen.org
TikTok: https://tiktok.com/@usopen",2021-11-29 16:00:01+00:00,PT27S,"['tennis', 'sports', 'us open tennis', 'us open', 'us open tennis championships', 'Grand Slam', '2008 US Open', 'Venus & Serena', 'RIDICULOUS rally', 'Venus Williams and Serena Williams', 'Venus Williams', 'Serena Williams', '2008 US Open quarterfinals', 'Williams sisters', 'Williams sisters rally', 'Williams sisters 2008', 'Serena vs Venus', 'Serena Venus', 'Venus Williams rally', 'Serena Williams rally', 'Venus Williams best points', 'Serena Williams best points', 'Venus Williams winner', 'Venus US Open', '#Shorts']",17,5511434,177058,2309,0.45,5511434,177058,2309,0.032544524709903086,0.03212557748128708,0.00041894722861600083,1422,6,36,0.3333333333333333,115,814,25,3875.8326300984527
0Tfp_cbLqAI,üî• UNBOXING Samsung Z Fold 6 killer!,"üî• Samsung Z Fold 6 killer?! 

üëâ vivo X Fold 3 Unboxing! 

üëâ 8.03‚Äù 120hz Foldable LTPO AMOLED inner display 
üëâ 6.53‚Äù 120hz cover display 
üëâ Triple 50MP camera 
üëâ 5500 mAh battery 
üëâ Snapdragon 8 Gen 3

Best folding phone 2024? ü§î 

#foldingphone #foldablephone #foldablesmartphone #phone #smartphone #unboxing #asmr #vivo #vivoxfold3 #samsunggalaxyzfold6 #galaxyzfold6 #zfold6 #tech #technology",2024-08-12 16:06:52+00:00,PT1M,"['Galaxy z fold 6', 'Samsung galaxy z fold 6', 'Fold 6', 'Vivo x fold 3', 'Vivo', 'Samsung', 'folding phone', 'Folding smartphone', 'Foldable phone', 'Smartphone', 'Phone', 'Tech', 'Unboxing', 'Asmr']",28,926783,29849,352,1.0,926783,29849,352,0.03258691624684527,0.03220710781272423,0.0003798084341210402,435,7,35,0.3142857142857143,57,392,14,2130.535632183908
4YHu9QdNSR4,Smart or Over smart? - Pixel 8 Pro #mrperfecttech,,2023-10-24 12:29:37+00:00,PT50S,[],28,6744003,400097,1816,0.8333333333333334,6744003,400097,1816,0.05959561405889054,0.05932633778484381,0.00026927627404673457,728,9,49,0.08163265306122448,0,0,0,9263.740384615385
6HG-wsRsg8s,IT: Welcome to Derry | Official Teaser | HBO Max,"Get ready to go back to where IT all began... üéà 

#ITWelcometoDerry is coming this fall to HBO Max.

About Max:
Max is the culture-defining entertainment service for every mood. With a variety of genres that include your favorite series and movies from iconic brands and treasured franchises, it delivers irresistible stories every time. From reuniting with life-long favorites to uncovering new ones you haven‚Äôt discovered yet, there's something for every moment, every feeling, every you.

It‚Äôs all here. Iconic series, award-winning movies, fresh originals, and family favorites featuring the worlds of Harry Potter, the DC Universe, and HBO. Discover the best entertainment for every mood.
#WarnerBrosDiscovery #streamonmax 

SUBSCRIBE TO MAX
https://streamonm.ax/3vgR69B

GET MAX
https://streamonm.ax/4a83GYO

FOLLOW MAX
Follow Max on YouTube: https://streamonm.ax/YouTube
Follow Max on Instagram: https://streamonm.ax/Instagram
Follow Max on TikTok: https://streamonm.ax/TikTok
Follow Max on Twitter: https://streamonm.ax/Twitter
Follow Max on Facebook: https://streamonm.ax/Facebook",2025-05-20 14:03:45+00:00,PT2M,"['max', 'hbo max', 'hbo', 'max originals', 'max trailer', 'max teaser', 'hbo originals', 'hbo original series', 'max original series', 'hbo trailer', 'hbo teaser', 'new on hbo', 'hbo clip', 'IT Welcome to Derry', 'IT', 'Welcome to Derry', 'Welcome to Derry HBO', 'Welcome to Derry trailer', 'Pennywise origin story', 'IT prequel series', 'IT HBO show', 'Stephen King IT', 'IT series 2025', 'Derry Maine', 'HBO horror series', 'teaser', 'trailer', 'new IT show', 'Bill Skarsg√•rd Pennywise', 'horror TV shows 2025', 'Stephen King']",24,7853009,192985,8978,2.0,7853009,192985,8978,0.025717912713457986,0.024574656669819173,0.0011432560436388142,154,10,48,0.20833333333333334,142,1089,31,50993.56493506493
XNSlqAvpTzA,This Is How Music Videos Look Without CGI!,I shared what happened behind the scenes of Sabrina Carpenter and Billie Eilish‚Äôs popular music videos. Don‚Äôt forget to like and subscribe for more!,2025-10-09 01:59:54+00:00,PT27S,[],1,7543581,146646,58,0.45,7543581,146646,58,0.019447527639724422,0.0194398389836339,7.688656090522526e-06,12,8,42,0.23809523809523808,24,148,0,628631.75
x-a4Oh5-aTM,WORTH IT? Meta Ray-Ban Wayfarer GEN 2 Smart Glasses REVIEW,"Grab the 2nd Kor Badge! https://claim.korcrew.com/4npZR7I
Today I'm reviewing the new $379 Ray-Ban Meta Wayfarer Gen 2 Glasses! The new Ray-Ban Meta Wayfarer Gen 2 glasses have a smart assistant, bluetooth and a 3k camera! Are the Ray-Ban Meta Wayfarer Gen 2 smart glasses worth it? Or are they not any better than the first Meta Rayban Wayfarer smart glasses? Find out in my Ray-Ban Meta Wayfarer Gen 2 smart glasses review! 

Check out my main channel! https://www.youtube.com/c/sethfowler

Follow me
IG - https://www.instagram.com/realsethfowler
IG2 - https://www.instagram.com/tech_fowler/
TikTok - https://www.tiktok.com/@realsethfowler
Twitter - https://twitter.com/realsethfowler
Twitch - https://www.twitch.tv/sethfowler
Facebook - https://www.facebook.com/RealSethFowler/

Want to send me something? 
Seth Fowler
141-I Rte 130 S,
# 383
Cinnaminson, NJ 08077

Check out APTHCRY Socks, The Best Socks: 
https://www.apthcry.com/?utm_source=sf&utm_id=video_1

#TechFowler #SethFowler #Tech
‚Äî‚Äî‚Äî‚Äî‚Äî‚Äî‚Äî‚Äî‚Äî‚Äî‚Äî‚Äî‚Äî‚Äî‚Äî‚Äî‚Äî‚Äî‚Äî‚Äî‚Äî‚Äî‚Äî‚Äî‚Äî‚Äî‚Äî‚Äî‚Äî‚Äî‚Äî‚Äî‚Äî
Unless specifically stated, there are no paid product endorsements in this video. There may be affiliate links in the description.",2025-09-24 14:37:03+00:00,PT14M4S,[],22,109979,1064,198,14.066666666666666,109979,1064,198,0.011474917938879241,0.009674574236899772,0.0018003437019794687,27,10,58,0.3793103448275862,146,1159,0,4073.296296296296
Eeke7JFfjSo,You key to massive legs‚Ä¶consistency. #kettlebell #fitness #workout,,2025-01-26 21:11:12+00:00,PT10S,[],22,31796,449,11,0.16666666666666666,31796,449,11,0.014467228582211599,0.014121273116115234,0.0003459554660963643,267,8,66,0.015151515151515152,0,0,0,119.08614232209737
K-b7YsjzpKE,Ghiya kon khata hai yrr!üò¢ #cooking  #recipe #vlogging #vlog #vlogger #dailyvlog #lifestyle #shorts,,2025-07-17 06:58:55+00:00,PT23S,[],22,22568369,286048,684,0.38333333333333336,22568369,286048,684,0.012705038631723897,0.012674730725999738,3.030790572415756e-05,96,13,98,0.01020408163265306,0,0,0,235087.17708333334
ap2a8001u98,1v3 too easy üòπüëçüèª‚ô•Ô∏è #pubgmobile #gamergirl #cutewolfie #gaming #highlights,,2024-05-16 04:48:10+00:00,PT42S,[],20,5160,601,13,0.7,5160,601,13,0.1189922480620155,0.11647286821705426,0.0025193798449612403,523,9,73,0.0,0,0,0,9.866156787762906
pq6mvHZU0fc,"Megalopolis (2024) Official Trailer - Adam Driver, Giancarlo Esposito, Nathalie Emmanuel","MEGALOPOLIS: The Ultimate IMAX Experience on September 23. In theaters & IMAX everywhere September 27. Starring Adam Driver, Giancarlo Esposito, Nathalie Emmanuel, Aubrey Plaza, Shia LaBeouf, Jon Voight, Laurence Fishburne, Kathryn Hunter, and Dustin Hoffman 

Subscribe to the LIONSGATE YouTube Channel for the latest movie trailers, clips, and more: https://bit.ly/2Z6nfym

https://www.instagram.com/megalopolisfilm
https://www.facebook.com/megalopolisfilm
https://twitter.com/megalopolismov
https://www.tiktok.com/@megalopolisfilm

Production Location:
https://exploregeorgia.org/film

#MegalopolisFilm

MEGALOPOLIS is a Roman Epic set in an imagined Modern America. The City of New Rome must change, causing conflict between Cesar Catilina (Adam Driver), a genius artist who seeks to leap into a utopian, idealistic future, and his opposition, Mayor Franklyn Cicero (Giancarlo Esposito), who remains committed to a regressive status quo, perpetuating greed, special interests, and partisan warfare. Torn between them is socialite Julia Cicero (Nathalie Emmanuel), the mayor's daughter, whose love for Cesar has divided her loyalties, forcing her to discover what she truly believes humanity deserves.",2024-09-05 13:01:28+00:00,PT2M9S,"['Megalopolis', 'Francis Ford Coppola', 'upcoming movie', '2024 movie', 'sci-fi movie', 'futuristic city', 'epic film', 'Adam Driver', 'Nathalie Emmanuel', 'Aubrey Plaza', 'Jon Voight', 'Laurence Fishburne', 'Dustin Hoffman', 'lionsgate', 'LG', 'lionsgate movie', 'LG movie', 'trailer', 'official trailer', 'megalopolis trailer', 'first look', 'tease', 'teaser', 'movie trailer', 'sci-fi drama', 'film epic', 'new release', 'big budget movie', 'dystopian future', 'urban utopia', 'The Godfather', 'Apocalypse Now']",1,11669418,30097,3841,2.15,11669418,30097,3841,0.002908285571739739,0.0025791346235090732,0.0003291509482306658,411,11,88,0.10227272727272728,148,1204,32,28392.744525547445
ypG2tvQgCnM,iPhone 17 Pro Max Review: 30 Days Later,"I‚Äôve been using the iPhone 17 Pro Max since launch day, and here‚Äôs my honest take after real-world use. From the switch back to aluminium and improved thermals, to the upgraded cameras, performance, and battery life ‚Äî I cover everything that matters after 30 days of daily use.

In this video, I‚Äôll show:
 ‚Ä¢ Why aluminium actually makes sense for the Pro this year
 ‚Ä¢ How battery life and thermals hold up under heavy use
 ‚Ä¢ What‚Äôs new (and improved) with the display and camera system
 ‚Ä¢ My thoughts on the design, colours, and overall user experience

My iPhone Air Review : https://youtu.be/f_L0CtSQRpU
My Instagram with iPhone-only photography: https://www.instagram.com/imthaz 

If you enjoy the video, consider liking, subscribing, and hitting the bell so you don‚Äôt miss upcoming tutorials, camera tips, and tech reviews.",2025-10-19 18:27:55+00:00,PT7M7S,"['iphone 17 pro max', 'iphone 17 Pro Max review', 'smartphones', 'technology']",28,816,5,2,7.116666666666666,816,5,2,0.00857843137254902,0.006127450980392157,0.0024509803921568627,1,8,39,0.15384615384615385,132,827,4,816.0
s2OccJMWwkM,REAL vs FAKE Tech,"The fakes were a LOT better than I expected 
Get the Insta360 GO Ultra: the best POV vlogging cam: https://bit.ly/Mrwhosetheboss-Insta360GOUltra. First 30 orders get an exclusive 256GB SD Card! 
- Tiny & Lightweight & Portable (just 53g)
- Hands-Free POV + Wide FOV
- Magic Magnetic Mounting
- Upgraded Image: 1/1.28‚Äù Sensor + 5nm AI Chip
- Long Battery Life: 60min @4K30 standalone; 170min @4K30 with Action Pod
#Insta360GOUltra #pocketcamera #vloggingcamera

I spend a LOT of time trying to make my videos as concise, polished and useful as possible for you - if you would like to support me on that mission then consider subscribing to the channel - you'd make my day üòÅ

For my tech hot takes: http://twitter.com/Mrwhosetheboss
For my Personal Posts: http://instagram.com/mrwhosetheboss
For quick tech videos: https://www.tiktok.com/@mrwhosetheboss
Does anyone still use this anymore?: https://facebook.com/mrwhosetheboss

Amazon Affiliate links (if you buy anything through these it will support the channel and allow us to buy better gear!):
Amazon US: https://amzn.to/3mFix9d
Amazon UK: https://amzn.to/3GMPPtM

My Browser: https://opr.as/Opera-browser-Mr-Whose-the-Boss 
My Filming Gear: https://bit.ly/35CuxwI

Music is from Epidemic sound:
http://share.epidemicsound.com/pHDFT",2025-10-09 11:17:36+00:00,PT22M46S,"['real', 'fake', 'tech', 'apple', 'philips hue', 'govee', 'gifts', 'gadgets']",28,7241294,167967,5189,22.766666666666666,7241294,167967,5189,0.02391230075729559,0.023195716124769967,0.0007165846325256232,12,4,17,0.5294117647058824,177,1285,8,603441.1666666666
DrmujEBcHtQ,bad idea right?,,2023-08-18 16:41:08+00:00,PT16S,[],10,14633450,907749,9286,0.26666666666666666,14633450,907749,9286,0.06266704023999808,0.06203246671154102,0.0006345735284570624,795,3,15,0.0,0,0,0,18406.85534591195
yhqRWONXNpA,Top 5 Cutting-Edge Tech Reviews You Can't Miss!,"Dive into the world of innovation with our latest YouTube Short, ‚ÄúTop 5 Cutting-Edge Tech Reviews You Can't Miss!‚Äù üåü In just 30 seconds, we unveil the most exciting gadgets, software, and technological breakthroughs that every tech enthusiast should know about! Get ready for a fast-paced journey filled with engaging storytelling, bold subtitles, and high-quality visuals that keep you hooked from the very first frame. 

Whether you're a gadget guru or just curious about the latest trends, this video delivers insightful analyses and interactive elements to enhance your viewing experience. Don't forget to like and share to spread the tech love! üî•‚ú® 

#techreviews  #gadgets  #technologytrends  #innovation  #shorts  #techenthusiast #brainorbit #shorts #usa #ytshorts #viral #explore #brainorbitofficial",2024-12-31 04:30:33+00:00,PT31S,[],24,48,0,0,0.5166666666666667,48,0,0,0.0,0.0,0.0,294,8,47,0.1702127659574468,115,806,0,0.16326530612244897
GBoPv4bhgGs,THE WORLD WILL TREMBLE Official Trailer (2025),First movie trailer for The World Will Tremble.,2025-02-25 18:57:46+00:00,PT2M17S,[],1,675787,5897,2145,2.283333333333333,675787,5897,2145,0.011900199323159517,0.008726122284092473,0.0031740770390670434,237,7,46,0.45652173913043476,8,47,0,2851.42194092827
3P6AyUEqM1I,"New Orleans Pelicans vs Orlando Magic Full Game Highlights - October 16, 2025 | NBA Preseason","Trade the NBA on Kalshi in all 50 States
Get $10 when you trade $100 using:  https://kalshi.com/gametimehighlights

‚óÜGAMETIME HIGHLIGHTS is your home for ALL NBA HIGHLIGHTS!
SUBSCRIBE Here: https://bit.ly/3S8ObFW

#nbahighlights #nba #gametimehighlights

This video was edited to follow youtube's fair use guidelines:
Copyright Disclaimer under Section 107 of the copyright act 1976, allowance is made for fair use for purposes such as criticism, comment, news reporting, scholarship, and research.",2025-10-17 01:51:09+00:00,PT9M31S,"['New Orleans Pelicans vs Orlando Magic full game highlights', 'NBA preseason 2025', 'Pelicans Magic', 'Orlando Magic', 'New Orleans Pelicans', 'Pelicans vs Magic', 'Magic vs Pelicans 2025', 'Pelicans Magic highlights', 'Magic vs Pelicans full game', 'NBA October 2025', 'New Orleans Pelicans highlights', 'Orlando Magic highlights']",17,104305,691,87,9.516666666666667,104305,691,87,0.007458894587987153,0.006624802262595274,0.0008340923253918796,4,16,93,0.13978494623655913,69,498,12,26076.25
IZLZfJ8SGnc,Top 10 MOST VIEWED Seventeen Music Videos üé∂üìà #shorts #seventeen #seventeenband #kpop #kpopgroup,,2025-03-08 11:35:44+00:00,PT50S,[],10,15465,752,8,0.8333333333333334,15465,752,8,0.04914322664080181,0.04862592951826705,0.0005172971225347559,227,13,95,0.14736842105263157,0,0,0,68.12775330396475
9iXjKu3m_Fw,Most Streamed Songs Of 2024,#rap #hiphop #music #song #pop #popular #popularmusic #brunomars #kendricklamar #kendrick #notlikeus #ladygaga #jimin #bts #chappellroan #sabrinacarpentertour #hozier #billieeilish #bensonboone,2025-04-10 16:00:25+00:00,PT39S,[],10,236843,5106,278,0.65,236843,5106,278,0.022732358566645416,0.02155858522312249,0.0011737733435229244,194,5,27,0.14814814814814814,19,193,0,1220.840206185567
ISfbbGCDdRA,2024 TIKTOK TRENDING FUNNIEST VIDEOS ü§£ #funny #trending #explore  #viral,,2024-06-28 23:05:38+00:00,PT42S,[],22,135550,5367,337,0.7,135550,5367,337,0.04208041313168572,0.03959424566580597,0.0024861674658797493,479,10,72,0.3888888888888889,0,0,0,282.9853862212944
