videoId,title,description,publish_date,duration,tags,categoryId,viewCount,likeCount,commentCount
lT9Jvbou77g,Never eat this #cooking #recipe #foodasmr #food,,2025-10-01T18:27:06Z,PT50S,[],22,1594991,0,669
68W7-re2AVE,Blue Jays vs. Mariners ALCS Game 4 Highlights (10/16/25) | MLB Highlights,"Blue Jays vs. Mariners ALCS Game 4 full game highlights, from 10/16/25  Don't forget to subscribe! https://www.youtube.com/mlb  Follow us elsewhere too: Twitter: https://twitter.com/MLB Instagram: https://www.instagram.com/mlb/ Facebook: https://www.facebook.com/mlb TikTok: https://www.tiktok.com/@mlb  Check out MLB.com daily to watch the MLB.TV Free Game of the Day! https://mlb.com/freegame  Visit our site for all baseball news, stats and scores! https://www.mlb.com/",2025-10-17T06:24:26Z,PT20M15S,"['mlb', 'baseball', 'sports', 'mlb highlights', 'sports highlights', 'baseball highlights']",17,1183962,12720,909
XfQJCmWpRbo,I Tried Them All. iPhone 17 Is The Smart Choice.,"âœ¨ Go to https://surfshark.com/geartech or use code GEARTECH at checkout to get 4 extra months of Surfshark VPN! Apple (finally) put 120 Hz on the base model, gave us a comfortable all-day battery, dependable cameras, and let's face it..at a decent price. Not to mention, the regular iPhone 17 is giving me fewer headaches than the 17 Pro Max this year.  âœ… SUBSCRIBE FOR WEEKLY DOWN TO EARTH TECH VIDEOS https://www.youtube.com/@AlexGTech?sub_confirmation=1  ğŸ™ğŸ¼  ğŸ›ï¸ iPhone 17 Buying Guide: https://youtu.be/xlrx9xZAhhI?si=wwn0rs-3Eri86mIs  âœ… WHAT I WEAR ğŸ‘• The lovely shirts I wear in all my videos! (ğŸ†• ğŸ SS25 Collection!) ğŸ›’ Use Code AGT20 for 20% OFF!  ğŸ‡¬ğŸ‡§ https://geni.us/AndSons_Alex ğŸ‡ºğŸ‡¸ğŸ‡¨ğŸ‡¦ https://geni.us/AndSons_AlexUSA  âœ… Watch More Reviews: https://youtube.com/playlist?list=PLVM7-QHg4QNKXJ5x-WrNT5oMse_PjXqE2&si=mYXXPfOrWXysXJrK https://youtube.com/playlist?list=PLVM7-QHg4QNKM00UN4-BhPLf8cGBF6ITf&si=RdX7mCQelbThXFhh  âœ… Sign Up for My Newsletter: ğŸ“§ Behind the Lens: https://geni.us/AlexNewsletter  âœ… GEAR & TECH I LOVE RIGHT NOW! âœ¨Grab yourself a Sandmarc discount storewide with ALEXGT10  ğŸ’Sandmarc Camera bag: https://geni.us/SandmarcAlex ğŸ“¸ My Main camera gear: https://geni.us/MainCameraGear  âœ… HOW DO I EDIT MY VIDEOS? ğŸ‘¨ğŸ½â€ğŸ’» Editing Visual Effects with MotionVFX: https://geni.us/MotionVFX_Alex  #iPhone17ProMax #iPhone17 #Apple #AppleiPhone #iPhone17Pro #iPhoneAir   ğŸ’ªğŸ¼ Disclaimer When I choose to work with a company, itâ€™s because I genuinely use and trust the product. Full Brand Policy here:  https://alexgtech.com",2025-10-14T15:29:10Z,PT23M24S,['Alex Gear and Tech'],28,47396,1121,188
4oErRK_5YsQ,SONGS IN REAL LIFE!!,,2024-06-10T07:05:30Z,PT46S,[],24,18102905,323705,1483
GF9t3zYoY-8,Crispy French Fries | Potato Stick,,2025-03-06T06:26:05Z,PT21S,[],22,29252627,683629,1416
hibvnfIz3kw,2024 à¤•à¥€ à¤¦à¤¿à¤µà¤¾à¤²à¥€ #like_comment_share #minivlog #shortsvideo #videos #trending,,2025-10-16T14:58:58Z,PT54S,[],22,103,0,0
iooqpVw69TM,Who wanna kebab ??? #ai#facelessyoutubechannelideas #alartcommunity #aiart #ytshorts,"#ai#facelessyoutubechannelideas #alartcommunity #aiart #ytshorts ğŸ¬ This isnâ€™t just a weird AI video â€” itâ€™s part of a strategy that actually makes money on YouTube. I create viral AI-powered content like this and teach others how to build profitable, faceless YouTube channels from scratch. Whether you're a creator or a business, Iâ€™ll show you how to turn AI and trends into views, growth, and income.  ğŸ§  What youâ€™ll learn by following this channel: âœ… How to grow viral YouTube Shorts in weirdcore and niche styles âœ… Step-by-step YouTube automation & monetization strategies âœ… How businesses can use AI video content to explode reach in 2025 âœ… Real marketing strategies that work for USA YouTube traffic  ğŸ‘ This weirdcore AI video was 100% generated with cutting-edge tools â€” surreal, dreamlike, and designed to go viral.  ğŸ’¬ Want to learn how to do it or work with me on content for your brand? Letâ€™s connect in the comments.  ğŸ“ˆ Like, Subscribe, and follow for weekly drops on AI, weirdcore, and YouTube growth.  ğŸ“Œ Hashtags (to reach USA YouTube + weirdcore + business) #Weirdcore #AIgenerated #YouTubeAutomation #USAYouTube #Marketing2025 #FacelessYouTube #YouTubeForBusiness #AIcontent #GrowWithAI #YouTubeShorts #WeirdcoreAesthetic #YouTubeTips #AIBranding #MonetizeYouTube #MarketingTools  ğŸ” Regular Tags / SEO Keywords weirdcore ai shorts, how to make money on YouTube, USA YouTube growth, YouTube automation 2025, AI weirdcore video, business marketing with AI, AI for content creators, faceless YouTube channel, viral shorts USA, weird ai content, backrooms ai trend, YouTube monetization guide, AI marketing for business, USA trending shorts, grow your channel 2025",2025-05-06T14:00:01Z,PT10S,[],22,100062013,389840,3793
WQ0_mkjY1hY,Latest best funny fails videos 2025 compilation new YouTube shorts comedy 2024 #funny  #funnyvideos,"ğŸ¤£ Latest & Best Funny Fails Compilation 2025! ğŸ¤£  Get ready for the funniest fails, epic moments, and crazy bloopers in this brand-new 2025 comedy shorts compilation! From unexpected falls to hilarious reactions, this video is packed with non-stop laughter!  Donâ€™t forget to: âœ… Like if you laughed! ğŸ’¬ Comment your favorite fail! ğŸ“¢ Share with friends who need a laugh! ğŸ¬ Subscribe for more funny videos!  #shorts #funny #shortvideo #funnyfails #comedy #viral #funnyvideos2025",2025-03-07T09:00:43Z,PT20S,"['funny videos', 'funny videos compilation', 'funny shorts compilation', 'best funny videos', 'best shorts videos', 'best funny videos 2024', 'best funny shorts 2024', 'Best funny videos 2025', 'best funny shorts 2025', 'latest funny shorts', 'latest funny videos', 'new funny shorts', 'new funny videos']",23,584199,4822,54
uEbXnFJAsgQ,Worlds Most Popular Song!,Hey Im Jaye or Jayesmack  THIS IS THE GREATEST SHORT EVER!!!!!  If you own this content in the video and would like it removed please contact me at â–º Twitter: @JayeSmacks,2023-01-04T01:38:40Z,PT26S,"['Jaye', 'JayeSmacks', 'Jaye Shorts', 'jaye']",24,3786808,97190,1208
PrNUDIO-FkQ,Hashbrowns Recipe By Kitchen With Noonzay (Ramadan Special) | #shorts #iftarrecipe #potatorecipe,Hashbrowns Recipe By Kitchen With Noonzay (Ramadan Special) | #shorts #iftarrecipe #potatorecipe #kitchenwithnoonzay #kitchenwithnoonzayshorts #kitchenwithnoonzayvlogs #noonzaykitchen #noonzayrecipes #noonzayrecipesforbeginners #noonzayvlogs,2025-01-26T14:15:04Z,PT3M,"['kitchen with noonzay', 'kitchen with noonzay shorts', 'kitchen with noonzay vlogs', 'noonzay kitchen', 'noonzay vlogs', 'potato recipe', 'Ramadan special', 'iftar special', 'iftar recipe', 'noonzay recipe', 'potato snack recipe', 'easy potato recipe', 'easy recipe', 'shorts', 'viral shorts', 'trending shorts', 'cooking shorts', 'food shorts']",22,7674921,280752,1338
VQ8uSAPTUB4,My top 5 songs of 2025,Watch the newest videos from Hollywood Records now! #shorts #trending #hwrpartner,2025-09-15T20:38:31Z,PT59S,[],24,190523,5694,106
aMcmfonGWY4,BLINK TWICE | Official Trailer,"This summer, make some memories. Watch the official trailer for #BlinkTwiceMovie directed by ZoÃ« Kravitz and starring Naomi Ackie and Channing Tatum. Only in theaters August 23rd.  Directed By: ZoÃ« Kravitz Starring: Kyle MacLachlan, Adria Arjona, Channing Tatum Written By:  E.T. FeigenbaumZoÃ« Kravitz & ZoÃ« Kravitz  Follow BLINK TWICE on social: https://instagram.com/blinktwicemovie https://facebook.com/blinktwicemovie  About MGM Studios: Metro Goldwyn Mayer (MGM) is a leading entertainment company focused on the production and global distribution of film and television content across all platforms. The company owns one of the worldâ€™s deepest libraries of premium film and television content as well as the premium pay television network MGM+, which is available throughout the U.S. via cable, satellite, telco and digital distributors.  In addition, MGM has investments in numerous other television channels, digital platforms and interactive ventures and is producing premium short-form content for distribution.   Connect with MGM Studios Online Visit the MGM Studios WEBSITE: http://www.mgm.com/ Check out MGM on TIKTOK: https://www.tiktok.com/@amazonmgmstudios Follow MGM Studios on INSTAGRAM: https://www.instagram.com/amazonmgmstudios/ Follow MGM Studios on TWITTER: https://twitter.com/amazonmgmstudio Like MGM Studios on FACEBOOK: https://www.facebook.com/AmazonMGMStudios  BLINK TWICE | Official Trailer https://www.youtube.com/MGM  #MGM #BlinkTwice #ChanningTatum",2024-04-23T16:00:14Z,PT2M42S,"['MGM', 'MGM Studios', 'Metro-Goldwyn- Mayer', 'Metro Pictures Corporations', 'Goldwyn Pictures', 'Louis B. Mayer Pictures', 'MGM Pictures', 'United Artists', 'Metro MGM/UA', 'Blink Twice', 'Blink Twice 2024', 'Blink Twice Trailer', 'Blink Twice Official Trailer', 'Official Trailer', 'Trailer', 'ZoÃ« Kravitz', 'Kyle MacLachlan', 'Adria Arjona', 'Channing Tatum', 'Alia Shawkat', 'Geena Davis', 'Haley Joel Osment', 'Christian Slater', 'Simon Rex', 'New Movies 2024']",24,13098335,39894,3118
C6Gid2YRDBs,"Pixel 9 at â‚¹35,999: This or the S24?","The Pixel 9 deal on the Flipkart Big Billion Days Sale 2025has been all hyped up. I mean, last year's Pixel under 40K sounds awesome but we all know about Pixel: performance concerns, doubts on battery life, connectivity, and add to that, the Galaxy S24 with Snapdragon, which will also be going under 40K in this sale.   So, the question is, should you buy the Pixel 9 or the S24 Snapdragon in this sale? We put Pixel 9 vs S24 Snapdragon to find out!  Chapters: 0:00 Pixel 9 vs S24 Snapdragon! 0:35 What's Really Good At This Deal Price? 3:41 The Concerns 6:32 Pixel 9 vs S24 Snapdragon  #Sillycorns",2025-09-18T14:21:39Z,PT7M51S,"['pixel 9 vs s24', 'pixel 9 vs s24 in this sale', 'pixel 9 vs s24 snapdragon', 'google pixel 9', 'google pixel 9 vs s24 snapdragon', 'google pixel 9 vs galaxy s24 snapdragon', 'pixel 9 vs s24 fe', 'pixel 9 vs s24 in bbd', 'pixel 9 vs s24 camera test', 'pixel 9 vs s24 battery test', 'pixel 9 vs s24 comparison', 's24 vs pixel 9', 's24 snapdragon vs pixel 9', 's24 snapdragon vs pixel 9 comparison', 'pixel 9 should you buy', 'pixel 9 review in 2025', 'pixel 9 deal', 'sillycorns', 'trending', 'bbd sale 2025', 'comparison']",28,621024,9160,1669
5A4yu9AaC-8,20 Minute Dance Workout At Home | Exercise To Lose Weight FAST | Zumba Class,â–º 20 Minute Dance Workout At Home | Exercise To Lose Weight FAST | Zumba Class #MiraPham #AerobicWorkout #ZumbaClass  â–¬â–¬â–¬â–¬â–¬â–¬â–¬â–¬â–¬â–¬ áƒ¦ ğ‹ğˆğŠğ„ & ğ’ğ”ğğ’ğ‚ğ‘ğˆğğ„:          ğŸ’• Youtube: https://www.youtube.com/@zumbaclass.mirapham â–¬â–¬â–¬â–¬â–¬â–¬â–¬â–¬â–¬â–¬          âœ‰ zumbaclass.fitness@gmail.com          Â© Copyright by Zumba Class â˜ Do not Reup,2025-09-19T22:00:11Z,PT19M36S,"['Zumba Class', 'zumba dance workout for belly fat', 'zumba dance', 'zumba dance workout', 'exercise', 'zumba', 'jumba jumba dance', 'aerobic exercise', 'zumba workout', 'exercises to lose belly fat', 'sumba sumba dance exercise', 'zumba exercise', 'exercise to lose weight fast at home', 'belly fat workout', 'aerobics workout for weight loss', 'jumba jumba dance for belly fat', 'dance workout to lose weight', 'dance', 'aerobics', 'zumba classes', '20 Minute Dance Workout At Home', 'Exercise To Lose Weight FAST', 'aerobic']",26,213141,1393,17
UnmgRNhBOlY,"New York Knicks vs Minnesota Timberwolves Full Game Highlights - October 9, 2025 | NBA Preseason","Trade the NBA on Kalshi in all 50 States Get $10 when you trade $100 using:  https://kalshi.com/gametimehighlights  â—†GAMETIME HIGHLIGHTS is your home for ALL NBA HIGHLIGHTS! SUBSCRIBE Here: https://bit.ly/3S8ObFW  #nbahighlights #nba #gametimehighlights  This video was edited to follow youtube's fair use guidelines: Copyright Disclaimer under Section 107 of the copyright act 1976, allowance is made for fair use for purposes such as criticism, comment, news reporting, scholarship, and research.",2025-10-10T02:11:06Z,PT9M26S,"['New York Knicks vs Minnesota Timberwolves full game highlights', 'NBA preseason 2025', 'Knicks Timberwolves', 'Minnesota Timberwolves', 'New York Knicks', 'Knicks vs Timberwolves', 'Timberwolves vs Knicks 2025', 'Knicks Timberwolves highlights', 'Timberwolves vs Knicks full game', 'NBA October 2025', 'New York Knicks highlights', 'Minnesota Timberwolves highlights']",17,313578,2201,128
krmVt3Vszuw,"TOP, aka Thanos from Squid Game #trending #thanos #top #squidgame #squidgame2 #bigbang #song #shorts",,2024-12-31T18:22:36Z,PT15S,[],1,9669384,267789,5202
mDfdNTf4FA0,DRACULA Official Trailer (2025),First movie trailer for Dracula starring Caleb Landry Jones.,2025-06-05T14:08:21Z,PT2M27S,[],1,1378293,16243,1603
t5XNWFw5HVw,Usher - Burn (Official Music Video),"Usher's official music video for 'Burn'. Click to listen to Usher on Spotify: http://smarturl.it/UsherSpotify?IQid=...  As featured on Confessions. Click to buy the track or album via iTunes: http://smarturl.it/UsherCnfshnsiTunes... Google Play: http://smarturl.it/UsherBurnplay?IQid... Amazon: http://smarturl.it/UsherCnfshnsAmz?IQ...  More from Usher I Don't Mind: https://youtu.be/nSKUXqJ5l1k Good Kisser: https://youtu.be/1lQtoRFaLsA U Got It Bad: https://youtu.be/o3IWTfcks4k  Follow Usher Website: http://usherworld.com/ Facebook: https://www.facebook.com/usher/ Twitter: https://twitter.com/usher Instagram: https://instagram.com/howuseeit/  Subscribe to Usher on YouTube: http://smarturl.it/UsherSub?IQid=Ushe...  More great Classic RNB videos here: http://smarturl.it/ClassicRNB?IQid=Us...  ---------  Lyrics:  Girl, understand why See it's burning me to hold onto this I know this is something I gotta do But that don't mean I want to What I'm trying to say is that I-love-you I just I feel like this is coming to an end And its better for me to let it go now than hold on and hurt you I gotta let it burn  It's gonna burn for me to say this But it's coming from my heart It's been a longtime coming But we done been fell apart Really wanna work this out But I don't think you're gonna change ya I do but you don't Think it's best we go our separate ways Tell me why I should stay in this relationship When I'm hurting baby, I ain't happy baby Plus theres so many other things I gotta deal with I think that you should let it burn  When your feeling ain't the same and your body don't want to But you know gotta let it go cause the party ain't jumpin' like it used to Even though thismight bruise you Let it burn Let it burn Gotta let it burn  Deep down you know it's best for yourself but you Hate the thought of her being with someone else But you know that it's over You know that it was through Let it burn Let it burn Gotta let it burn""""",2009-10-25T07:06:07Z,PT4M28S,"['burn official music video', 'Ushervevo', 'usher vevo', 'boondocks', 'confessions', 'acoustic', 'video', 'music', 'burn lyrics', 'usher burn', 'instrumental', 'pop', 'burn official', 'contemporary and', 'hip hop', 'pharrell', 'good kisser', 'vevo', 'my way', 'official', 'download', 'usher live', 'karaoke', 'remix', 'channel', 'live 2015', 'lyrics', 'here stand', 'audio', 'official video', 'cover', 'burn live', 'looking myself', 'usher', 'rnb', 'Sony', """"don't mind"""", '8701', 'usher official', 'music video', 'playlist', 'usher lyrics', 'single', 'album', 'raymond raymond']",10,393487249,1385959,40978
rYKxJdDO5Sk,How to Get Paid on YouTube ğŸ‘‰ 4 Things YOU Need,"If You Want to Get Paid on YouTube, This is What you Need to do! ******  FREE ON-DEMAND CLASS ğŸ¯ Learn 3 Secrets for Growing Your YouTube Channel in 2023: http://ThinkMasterclass.com   This video is not sponsored. Some product links are affiliate links which means if you buy something we'll receive a small commission.   ğŸ“’ Show Notes  ğŸ“’     ğŸ“± Subscribe and Listen to the Think Media Podcast HERE: YT:   @ThinkMediaPodcast  Apple: https://apple.co/2F3tmIS Spotify: https://spoti.fi/36qevE8  Our mission here at Think Media is to help 10,000 purpose-driven entrepreneurs go full-time doing what they love and making an impact through the power of video.   Here are the ways to work with us here at Think Media:  âš¡ï¸FREE CLASS: Watch our FREE YouTube class here: http://ThinkMasterclass.com   âš¡ï¸BOOK: Check out the #1 best-selling book YouTube Secrets here: http://TubeSecretsBook.com   âš¡ï¸CONFERENCE: Stay Up to Date on the #1 Conference to Grow Your Personal Brand With Video: http://GrowWithVideoLive.com   âš¡ï¸COURSES/ COACHING / MASTERMINDS: Learn about our online courses and in-person events by talking to one of our Think Master Coaches. Grab a spot on our calendar for a 15 min discovery call: http://TalkWithThink.com  Connect with Heather Torres Instagram: https://www.instagram.com/mrsheathertorres/ YouTube: https://www.youtube.com/user/THiNKmediaTV Website:https://thinkmedia.com/ Facebook: https://www.facebook.com/mrsheathertorres Twitter: https://twitter.com/hrtorres   #thinkmedia #heathertorres  For Support inquires, or Business inquiries, please go to http://ThinkMediaSupport.com  QUESTION â€” Have a question about Online Video, Video Production, Tech, Marketing, or Anything Else? Post in the comments section of this video!  Subscribe to Think Media Here: https://www.youtube.com/THiNKmediaTV  Music provided by Epidemic Sounds. Start your free trial here â¡ï¸ https://ThinkMediaSounds.com  Disclaimer: Please see the link for our disclaimer policy for all of our videos on the Think Media and Think Media Podcast YouTube channels. https://go.thinkmedia.com/youtube-disclaimer",2022-07-23T12:00:26Z,PT25S,"['how to start a youtube channel for beginners', 'starting a youtube channel', 'create a youtube channel', 'youtube for beginners', 'how to start a youtube channel 2022', 'how to start on youtube', 'how to create a youtube channel', 'think media', 'heather torres', 'youtube', 'how to make money on youtube', 'make money online', 'make money', 'how to make money online', 'best ways to make money', 'make money online 2022', 'how to earn money online', 'earn money online']",24,1724664,59265,1118
YKLo2-Mtiw0,Highlights from a WILD Game 3 in New York ğŸ¤¯ #MLB #Yankees #Playoffs #Baseball,"#FOXSports #MLB #Yankees  About FOX Sports: With exclusive highlights, original programming, and behind the scenes footage, FOX Sports' YouTube channel provides the sports content that fans are hungry for. FOX Sports coverage includes: College Basketball, College Football, MLB, NASCAR, NFL, Soccer, and the FIFA World Cup.  www.youtube.com/@foxsports",2025-10-08T04:09:20Z,PT1M1S,"['fox', 'fox sports', 'fs1', 'fox sports 1', 'sports', 'news', 'sports fox', 'fox sports highlights', 'highlights', 'sports podcast', 'podcast', 'fs1 podcast']",17,25407,490,27
gElHCVftDag,Fitbycoachkel.com #barre #pilates #fitness #workout,,2023-09-15T03:02:19Z,PT17S,[],26,6126382,187121,637
fOzbYgK1uAY,à°ªà°¿à°¸à°¿à°¨à°¾à°°à°¿ à°¨à°¾à°¨à±à°¨ part -24 ğŸ˜‚ğŸ˜‚ || Allari Aarathi Videos #trending trending #comedyfilms #funny,"Thanks to all audience and many others who made this projects sucessful. please do support for Allari Aarathi youtube channel and share to yours friends.  Follow me on instagram https://instagram.com/allari_aarathi?igshid=YmMyMTA2M2Y=  For Branding and Collaborations Mail to  teampromotions9@gmail.com â€“â€“â€“â€“â€“â€“â€“â€“â€“â€“â€“â€“â€“â€“â€“â€“â€“â€“â€“â€“â€“â€“â€“â€“â€“â€“â€“â€“â€“â€“  My emotional concepts https://youtu.be/P52scyYozNA?si=E9bCkrtSO6QmZ3Us  Pirikidhyam part 1-5 https://youtu.be/W0PyoKodRfw?si=_ZTE0N0AIVoZ0xp2  Thingariseetha part 1-11  https://youtu.be/ZUi6Si1Enlo?si=ZWBMGQE9zxydJLwc  Independence day special video https://youtube.com/shorts/hxa4OhC7U2o?feature=share  Food and blanket distribution to the poor people https://youtu.be/xKtQurv8MRA  Thingari seetha making video https://youtu.be/DwWmmsi_DWk  Kothajanta parts https://youtu.be/G4z_2_nMu84  Raki special comedy video https://youtu.be/hXRB05y_0_w?si=wb0FykhLiJ7QZ9lx  Fake news viral cheyakandi  https://youtube.com/shorts/PXYRNGe7I9I   Be care ful respect women part 1  https://youtube.com/shorts/kpyPEkcyafw   Be care ful respect women part 2  https://youtube.com/shorts/CrUJI4s7J8M   For short films, Comedy videos & Sketch videos --- Subscribe to our official channel """"Allari Aarathi"""" https://www.youtube.com/c/AllariAarathi   Allari Aarathi was a personal blog for entertainment ğŸ­ not only for commercial purpose, & we really thankfull YouTube â–¶ï¸ for this wonderful platform... This videos was shooted in our own cameras & the content of video & Audio are reserved to our own..   our famous series thingari seetha, Pisinari nanna, Kothajantha, jathirathanalu, Aparijithuralu .... many more emotional contents .. Hope you all loved all the contents and keep supporting us.  THANKING YOU,  yours Allari Aarathi  #cinematic    #tollywood #acting #trending #telugushorts #comedyvideos #allariaarathi #teluguvlogs #girl #women_respect_video #girl #fathersday #cinema #tiktok #trending #trend #trendingshorts #travel #disha #tollywood #lakshman #reviews #reels #instatrending #tollywoodnews #chitram #chitra  #telugu  @Allari Aarathi @sourik samanta @CINEMA VIBES  @2GudTeddy â€‹#shorts",2024-03-21T02:35:34Z,PT1M,"['Allari aarathi', 'youtube shorts', 'trending shorts', 'viral', 'aarathi', 'Aarthi short videos', 'telugu', 'mogudu pellam godavalu', 'mogudu pellam', 'kothajanta', 'thinagari seetha', 'pisinari nanna', 'jathirathanalu', 'shorts', 'telugu famous shorts channel', 'trending']",24,5963625,237732,325
J-nVn0WolYE,Google Pixel Watch 4 Review | What's Actually Changed?,"Reviewing Google's Pixel Watch 4 (41mm model) after two weeks of testing as my full-time smartwatch. You've got a few upgrades for this 2025 model, including a (slight) battery increase and improved haptics. But is the Google Pixel Watch 4 one of the best WearOS smartwatches for you?  Well, I'm certainly a fan of that WearOS 6 setup. Notification support is as smooth as ever, while you've got impressive app support. You can live stream your Nest doorbell or control your smart home, so anyone embracing the ecosystem will get the most from Google's Pixel Watch 4.  Performance on the whole is fine, with the new W5 Gen 2 running the show. Sometimes you'll see a wee stumble or an app will take a while to load. And this smartwatch once again suffers from a less-than-significant battery life. The Pixel Watch 4 simply can't compete with some rival wearables, which I discuss in this review.  Still, if you're after a good looking curvy smartwatch with lots of Google support, you could do worse. Would you be tempted by the Pixel Watch 4? Let us know below!  Google Pixel Watch 4 Review Chapters: 0:00 - Well hello there 0:32 - Design 3:16 - Pixel Watch app 4:18 - Display 5:28 - Watch faces 6:26 - WearOS 6 7:58 - Haptics 8:33 - Apps 9:59 - Gemini 11:03 - Fitbit & fitness tracking 12:20 - Exercise tracking 14:04 - Sleep tracking 14:27 - Performance 14:53 - Battery life 17:11 - Verdict",2025-10-09T13:34:07Z,PT18M23S,"['pixel watch', 'pixel watch 4', 'pixel watch 4 review', 'pixel watch review', 'pixel watch 2025', 'pixel watch 4 2026', 'pixel smartwatch', 'google pixel watch 4', 'google pixel watch 4 review', 'best smartwatch 2025', 'best smartwatches 2025', 'top smartwatch 2025', 'top smartwatches 2025', 'wear os', 'wear os 6', 'pixel watch 4 vs galaxy watch 7', 'pixel watch 4 41mm', 'pixel watch 4 41mm review', 'pixel watch 4 41mm vs 45mm', 'pixel watch 4 mkbhd', 'google', 'pixel watch 41mm', 'pixel watch review 41mm']",28,33325,1078,93
oRxa8HM6KsQ,Chocolate ğŸ« ğŸ«  recipe || #recipe #video #cooking #food #trend #shorts #yummy #new #reels #funny,cookinghacks  #cooking  #cookingtips  #viralvideos  #viralreels  #viralinstagram  #viralmemes  #viralreelsvideo  #viralsongs  #trendingreels  #trending  #trendingnow  #trendingsong  #trendingvideos  #dimsum recipe || #recipe #video #cooking #food #trend #shorts #yummy #new #reels #funny #dimsumfrozen  #dumplings   #dumplingsoup   ##viral  #cheflife  #hotellife,2025-04-30T04:35:53Z,PT14S,[],27,1701802,0,49
h15_tXek5lY,AEROBIC DANCE WORKOUT TO LOSE BELLY FAT FASTER AT HOME,âœ…Recommended Workout Routine  Week 1 ğŸ‘‰ Do It 3 Days a Week  Week 2 ğŸ‘‰Do lt 4 Days a Week Week 3ğŸ‘‰Do It 5 Days a Week Week 4 ğŸ‘‰and beyond & Do It 6 Days a Week  ğŸ“†Here is AUGUST FREE WORKOUT ROUTINE; https://irenemutwiri.online  ğŸ¥—Free Healthy Recipes; https://irenemutwiri.online/healthy-recipes/  ğŸ¶Music; https://share.epidemicsound.com/582gnv,2025-08-07T03:56:36Z,PT22M19S,[],17,865778,9244,215
bQZ5xpTHBz4,Apple Reacts to Xiaomi 17 Pro Max,Just because the iPhone 17 Pro looked silly doesnâ€™t mean other companies wonâ€™t copy it.  SUPPORT: https://funkytime.tv/patriot-signup/ MERCH: https://funkytime.tv/shop/ FUNKY TIME WEBSITE: https://funkytime.tv  FACEBOOK: http://www.facebook.com/SamtimeNews TWITTER: http://twitter.com/SamtimeNews INSTAGRAM: http://instagram.com/samtimenews  -----------------------------------  'Escape the ordinary. Embrace the FUNKY!'  -----------------------------------  SAMTIME is a parody channel and does not represent the tech company featured.  For sponsorship enquiries: samtime@bossmgmtgrp.com For other business enquiries: business@funkytime.tv Copyright FUNKY TIME PRODUCTIONS 2025,2025-09-26T17:28:05Z,PT3M44S,"['xiaomi 17 pro', 'xiaomi 17 pro Max', 'xiaomi', 'iphone 17 pro', 'iphone 17 pro max', 'comparison', 'screen', 'back', 'plateau', 'funny', 'parody', 'review', 'reaction', 'samtime', 'sam tucker', 'repsonds', 'copies', 'copy']",23,507402,19829,2182
Hrehnzvp-js,I think you lost something... ğŸ¤£ #FailArmy,"Thanks for watching!  â–¼ Follow us for more fails!  https://linktr.ee/failarmy   â–ºâ–ºâ–º Submit a video for the chance to be featured! https://www.failarmy.com/pages/submit-video   FailArmy is the worldâ€™s number one source for epic fail videos and hilarious compilations. Our shorts channel is where you can catch all of our best videos in one place! Weâ€™re powered by fan submissions and feedback from all around the world, with over 69 million fans across digital platforms!   To license any of the videos shown on FailArmy, please visit Jukin Media at http://bit.ly/jukinlicense   #FailArmy",2023-02-09T14:00:08Z,PT20S,"['failarmy', 'fails', 'fail army funny', 'failarmy 2022', 'fails of the week', 'fails 2022', 'fails compilation', 'fail compilation 2022', 'funny fails 2022', 'epic fails', 'funny videos 2022', 'funny videos', 'try not to laugh memes', 'try not to laugh', 'fail of the week 2022', 'car fails', 'expensive fails', 'worst fails', 'skateboarding', 'best fails 2022', '2022', '2021', '2020', 'cctv fails', 'cctv footage', 'animal fails', 'funny animal videos', 'best of the year', 'funny fails', 'fail compilation', 'instant karma', 'afv videos']",23,8182777,97483,4488
SZrXismToWg,STING Trailer (2024) #short #movie #trailer #teaser #sting #spiderman #spider #movie #action,"#Networktrailer Watch this movie with your family.. â•”â•â•¦â•—â•”â•¦â•—â•”â•â•¦â•â•¦â•¦â•¦â•¦â•—â•”â•â•— â•‘â•šâ•£â•‘â•‘â•‘â•šâ•£â•šâ•£â•”â•£â•”â•£â•‘â•šâ•£â•â•£  â• â•—â•‘â•šâ•â•‘â•‘â• â•—â•‘â•šâ•£â•‘â•‘â•‘â•‘â•‘â•â•£ â•šâ•â•©â•â•â•©â•â•©â•â•©â•â•©â•â•šâ•©â•â•©â•â• ğŸğŸğŸğŸğŸğŸ“½ğŸ“ºğŸ¥ğŸğŸğŸğŸğŸ Welcome to our YouTube channel, the ultimate destination for all things Marvel movies, Netflix films, and beyond! Prepare to dive into a captivating world of cinematic wonders as we take you on a thrilling journey through the realms of superheroes, extraordinary powers, and gripping storytelling.  As avid fans of the Marvel Cinematic Universe (MCU), we bring you the latest updates, behind-the-scenes insights, and in-depth analysis of all the iconic Marvel movies. From the breathtaking action sequences of """"Avengers: Endgame"""" to the mind-bending adventures of Doctor Strange, we leave no stone unturned in exploring the vast Marvel universe.  But our channel doesn't stop there! We also delve into the exciting world of Netflix movies, featuring everything from thrilling action flicks to heartwarming dramas. Join us as we uncover hidden gems, discuss fan theories, and review the latest releases from Netflix, ensuring you never miss out on the next binge-worthy masterpiece.  Beyond Marvel and Netflix, we explore a myriad of other films that have captivated audiences worldwide. From epic blockbusters to indie sensations, we celebrate the art of storytelling in all its forms. Whether it's a thought-provoking drama, a heart-pounding thriller, or a hilarious comedy, we're here to share our passion and expertise, providing you with compelling reviews, recommendations, and discussions.  Join our vibrant community of movie enthusiasts, where you can engage in lively conversations, share your opinions, and stay up to date with the latest movie news. We also love to celebrate the creativity of fan art, cosplay, and tributes, so be sure to join us in embracing the incredible fandom culture surrounding these cinematic universes.  So, if you're ready to embark on an adventure through the Marvel Cinematic Universe, explore the diverse offerings of Netflix, and discover an array of captivating films, you've come to the right place. Subscribe to our channel now and let the journey begin! Excelsior! ğŸğŸğŸğŸğŸğŸ“½ğŸ“ºğŸ¥ğŸğŸğŸğŸğŸ Get your popcorn ready, buckle up, and let the movies transport you to a realm where anything is possible."""" . . . . . . ğŸ›Subscribe to receive movies trailer, All The Must-See Movie Trailers, Film Clips & Videos are HERE! Comedy, Kids & Family, Animated Films, Blockbusters, Marvel Movies, Action Movies, sci-fi & Fantasy Flicks... Don't miss the latest movie and blockbuster trailers.",2024-02-17T13:43:46Z,PT28S,"['STING Trailer (2024)', 'sting trailer', 'trailer 2024', 'sting official trailer', '#stingray', '#stingo', '#stingoperation', '#stingettes', '#sting2023', '#stinger', '#stingraykaraoke', '#stingmovie', '#stingray_fish', '#stingmusicverse', '#Sting movie shorts trailer', '#Sting movie teaser', '#Sting official movie starring casts', '#Sting casts', '#Sting movie about', '#Sting movie trailer', '#Sting movie', '#Sting movie spider?', '#Spider sting movie', '#Sting movie official trailer film', '#Sting film', '#Sting', '#Sting movie shorts']",1,32081,0,0
o_v9MY_FMcw,One Direction - Best Song Ever,"One Direction â€“ Best Song Ever (Official Video) Follow on Spotify - https://1D.lnk.to/Spotify Listen on Apple Music - https://1D.lnk.to/AppleMusic Listen on Amazon Music - https://1D.lnk.to/AmazonMusic Listen on Deezer - https://1D.lnk.to/Deezer  Listen on YouTube Music - https://smarturl.it/OneDirection_YTMusic  Check out One Directionâ€™s 10 Year Anniversary website here: https://1D.lnk.to/10YearsOf1DWebsite    WATCH STORY OF MY LIFE MUSIC VIDEO â–º https://smarturl.it/OneDirection_SOML WATCH WHAT MAKES YOU BEAUTIFUL MUSIC VIDEO â–º https://smarturl.it/1D_WMYB WATCH DRAG ME DOWN MUSIC VIDEO â–º https://smarturl.it/OneDirection_DMD WATCH HISTORY MUSIC VIDEO â–º https://smarturl.it/OneDirection_H   WATCH STEAL MY GIRL MUSIC VIDEO â–º https://smarturl.it/OneDirection_SMG WATCH YOU & I MUSIC VIDEO â–º https://smarturl.it/OneDirection_Y_and_I  Subscribe to the One Direction YouTube channel - https://smarturl.it/OneDirection_YT_Sub  Follow One Direction: Facebook - https://www.facebook.com/onedirection/ Twitter - https://twitter.com/onedirection Instagram - https://www.instagram.com/onedirection/   Lyrics [Harry:] Maybe it's the way she walked (wow) Straight into my heart and stole it Through the doors and passed the guards (wow) Just like she already owned it  [Zayn:] I said, """"Can you give it back to me?"""" She said, """"Never in your wildest dreams.""""  [All:] And we danced all night to the best song ever We knew every line Now I can't remember How it goes but I know That I won't forget her 'Cause we danced all night to the best song ever  I think it went oh, oh, oh I think it went yeah, yeah, yeah I think it goes...  [Liam:] Said her name was Georgia Rose (wow) And her daddy was a dentist  [Harry:] Said I had a dirty mouth (I got a dirty mouth) But she kissed me like she meant it  [Niall:] I said, """"Can I take you home with me?"""" She said, """"Never in your wildest dreams.""""  [All:] And we danced all night to the best song ever We knew every line Now I can't remember How it goes but I know That I won't forget her 'Cause we danced all night to the best song ever  I think it went oh, oh, oh I think it went yeah, yeah, yeah I think it goes...  [Louis:] You know, I know, you know I'll remember you And I know, you know, I know you'll remember me  (oh, oh, oh Yeah, yeah, yeah)  [Zayn:] You know, I know, you know I'll remember you And I know, you know, I hope you remember how we danced How we danced 1, 2, 1, 2, 3  [All:] How we danced all night to the best song ever We knew every line Now I can't remember How it goes but I know That I won't forget her 'Cause we danced all night to the best song ever (we danced, we danced, it goes something like, yeah) Danced all night to the best song ever We knew every line Now I can't remember How it goes but I know That I won't forget her 'Cause we danced all night to the best song ever  I think it went oh, oh, oh I think it went yeah, yeah, yeah I think it goes...  [Zayn:] Best song ever It was the best song ever It was the best song ever  #OneDirection #BestSongEver #10YearsOf1D #OneDirectionOfficial #1D #OneDirectionBestSongEver",2013-07-22T17:10:08Z,PT6M13S,"['One Direction', 'OneDirectionvevo', 'vevo', 'official', 'what makes you beautiful', 'video', 'music video', 'drag me down', 'single', 'story of my life', 'album', 'Niall Horan', 'pop', 'Liam Payne', 'Best Song Ever', 'Harry Styles', 'Midnight Memories', 'Louis Tomlinson', 'teen pop', 'Zayn Malik', 'Drag Me Down', 'Night Changes', 'Perfect', 'best song ever', 'Story of My Life', 'What Makes You Beautiful', 'Kiss You', 'Little Things', 'Gotta Be You', '1D Songs', 'One Direction Official', 'Louise']",10,821899590,7103663,1002794
gaUiPGEJtuo,ğŸœ Veg Chow mein recipe | Noodles Recipe,@INDIANDISHESFOOD   #food #asmr #cooking #recipe #chowmein #noodles,2024-09-17T05:30:12Z,PT11S,[],22,6724405,39264,78
S9bCLPwzSC0,Eminem - Mockingbird [Official Music Video],"Eminem - Mockingbird Listen: https://eminem.lnk.to/mockingbird Spotify: https://eminem.lnk.to/mockingbird/spotify Apple Music: https://eminem.lnk.to/mockingbird/applemusic Amazon Music: https://eminem.lnk.to/mockingbird/amazonmusic  Playlist Best of Eminem: https://goo.gl/AquNpo  http://eminem.com http://facebook.com/eminem http://twitter.com/eminem http://instagram.com/eminem  http://shadyrecords.com http://facebook.com/shadyrecords http://twitter.com/shadyrecords http://instagram.com/shadyrecords  #Eminem #Mockingbird  Music video by Eminem performing Mockingbird. YouTube view counts pre-VEVO: 14,297,644. (C) 2004 Aftermath Entertainment/Interscope Records  #Eminem #Mockingbird #Remastered",2009-12-25T04:20:46Z,PT4M18S,"['EMINEM', 'EMINEM MOCKINGBIRD', 'MOCKINGBIRD', 'MOCKINGBIRD EMINEM', 'MOCKINGBIRD official music video', 'MOCKINGBIRD remastered video', 'EMINEM remastered', 'EMINEM remastered videos', '#remastered', 'hd music videos', 'remastered music videos', 'SLIM SHADY', 'MARSHALL MATHERS', 'í•œê¸€ìë§‰', 'æ—¥æœ¬èªå­—å¹•', 'subtÃ­tulos en espaÃ±ol', 'TÃ¼rkÃ§e AltyazÄ±lÄ±', 'Phá»¥ Ä‘á» tiáº¿ng Viá»‡t', 'Subtitles in Tagalog', 'Teks dalam Bahasa Indonesia', 'à¤‰à¤ªà¤¶à¥€à¤°à¥à¤·à¤• à¤¹à¤¿à¤‚à¤¦à¥€ à¤®à¥‡à¤‚', 'Sarikata Dalam Bahasa Malaysia', 'à¸„à¸³à¸šà¸£à¸£à¸¢à¸²à¸¢à¸ à¸²à¸©à¸²à¹„à¸—à¸¢', 'ã‚¨ãƒŸãƒãƒ ', 'ì—ë¯¸ë„´', 'åŸƒç±³çº³å§†']",10,1348775437,10852701,377141
39SPmgJw1Mg,Venus & Serena's RIDICULOUS rally! ğŸ˜±,"Venus Williams and Serena Williams' ridiculous rally in the quarterfinals of the 2008 US Open. #Shorts  Don't miss a moment of the US Open! Subscribe now: https://bit.ly/2Pdr81i  The US Open is the final Grand Slam of the year and takes place at the USTA Billie Jean King National Tennis Center. The 2021 US Open saw Russia's Daniil Medvedev and Great Britain's Emma Raducanu claim the men's and women's singles titles. It was both players' first major title, with 18-year-old Raducanu becoming the first-ever qualifier to achieve the feat. The 2022 US Open main draw is scheduled to go ahead between August 30 - September 11.  Twitter: https://twitter.com/usopen Facebook: https://facebook.com/usopentennis Instagram: https://instagram.com/usopen Website: https://www.usopen.org TikTok: https://tiktok.com/@usopen",2021-11-29T16:00:01Z,PT27S,"['tennis', 'sports', 'us open tennis', 'us open', 'us open tennis championships', 'Grand Slam', '2008 US Open', 'Venus & Serena', 'RIDICULOUS rally', 'Venus Williams and Serena Williams', 'Venus Williams', 'Serena Williams', '2008 US Open quarterfinals', 'Williams sisters', 'Williams sisters rally', 'Williams sisters 2008', 'Serena vs Venus', 'Serena Venus', 'Venus Williams rally', 'Serena Williams rally', 'Venus Williams best points', 'Serena Williams best points', 'Venus Williams winner', 'Venus US Open', '#Shorts']",17,5511434,177058,2309
0Tfp_cbLqAI,ğŸ”¥ UNBOXING Samsung Z Fold 6 killer!,ğŸ”¥ Samsung Z Fold 6 killer?!   ğŸ‘‰ vivo X Fold 3 Unboxing!   ğŸ‘‰ 8.03â€ 120hz Foldable LTPO AMOLED inner display  ğŸ‘‰ 6.53â€ 120hz cover display  ğŸ‘‰ Triple 50MP camera  ğŸ‘‰ 5500 mAh battery  ğŸ‘‰ Snapdragon 8 Gen 3  Best folding phone 2024? ğŸ¤”   #foldingphone #foldablephone #foldablesmartphone #phone #smartphone #unboxing #asmr #vivo #vivoxfold3 #samsunggalaxyzfold6 #galaxyzfold6 #zfold6 #tech #technology,2024-08-12T16:06:52Z,PT1M,"['Galaxy z fold 6', 'Samsung galaxy z fold 6', 'Fold 6', 'Vivo x fold 3', 'Vivo', 'Samsung', 'folding phone', 'Folding smartphone', 'Foldable phone', 'Smartphone', 'Phone', 'Tech', 'Unboxing', 'Asmr']",28,926783,29849,352
4YHu9QdNSR4,Smart or Over smart? - Pixel 8 Pro #mrperfecttech,,2023-10-24T12:29:37Z,PT50S,[],28,6744003,400097,1816
6HG-wsRsg8s,IT: Welcome to Derry | Official Teaser | HBO Max,"Get ready to go back to where IT all began... ğŸˆ   #ITWelcometoDerry is coming this fall to HBO Max.  About Max: Max is the culture-defining entertainment service for every mood. With a variety of genres that include your favorite series and movies from iconic brands and treasured franchises, it delivers irresistible stories every time. From reuniting with life-long favorites to uncovering new ones you havenâ€™t discovered yet, there's something for every moment, every feeling, every you.  Itâ€™s all here. Iconic series, award-winning movies, fresh originals, and family favorites featuring the worlds of Harry Potter, the DC Universe, and HBO. Discover the best entertainment for every mood. #WarnerBrosDiscovery #streamonmax   SUBSCRIBE TO MAX https://streamonm.ax/3vgR69B  GET MAX https://streamonm.ax/4a83GYO  FOLLOW MAX Follow Max on YouTube: https://streamonm.ax/YouTube Follow Max on Instagram: https://streamonm.ax/Instagram Follow Max on TikTok: https://streamonm.ax/TikTok Follow Max on Twitter: https://streamonm.ax/Twitter Follow Max on Facebook: https://streamonm.ax/Facebook",2025-05-20T14:03:45Z,PT2M,"['max', 'hbo max', 'hbo', 'max originals', 'max trailer', 'max teaser', 'hbo originals', 'hbo original series', 'max original series', 'hbo trailer', 'hbo teaser', 'new on hbo', 'hbo clip', 'IT Welcome to Derry', 'IT', 'Welcome to Derry', 'Welcome to Derry HBO', 'Welcome to Derry trailer', 'Pennywise origin story', 'IT prequel series', 'IT HBO show', 'Stephen King IT', 'IT series 2025', 'Derry Maine', 'HBO horror series', 'teaser', 'trailer', 'new IT show', 'Bill SkarsgÃ¥rd Pennywise', 'horror TV shows 2025', 'Stephen King']",24,7853009,192985,8978
XNSlqAvpTzA,This Is How Music Videos Look Without CGI!,I shared what happened behind the scenes of Sabrina Carpenter and Billie Eilishâ€™s popular music videos. Donâ€™t forget to like and subscribe for more!,2025-10-09T01:59:54Z,PT27S,[],1,7543581,146646,58
x-a4Oh5-aTM,WORTH IT? Meta Ray-Ban Wayfarer GEN 2 Smart Glasses REVIEW,"Grab the 2nd Kor Badge! https://claim.korcrew.com/4npZR7I Today I'm reviewing the new $379 Ray-Ban Meta Wayfarer Gen 2 Glasses! The new Ray-Ban Meta Wayfarer Gen 2 glasses have a smart assistant, bluetooth and a 3k camera! Are the Ray-Ban Meta Wayfarer Gen 2 smart glasses worth it? Or are they not any better than the first Meta Rayban Wayfarer smart glasses? Find out in my Ray-Ban Meta Wayfarer Gen 2 smart glasses review!   Check out my main channel! https://www.youtube.com/c/sethfowler  Follow me IG - https://www.instagram.com/realsethfowler IG2 - https://www.instagram.com/tech_fowler/ TikTok - https://www.tiktok.com/@realsethfowler Twitter - https://twitter.com/realsethfowler Twitch - https://www.twitch.tv/sethfowler Facebook - https://www.facebook.com/RealSethFowler/  Want to send me something?  Seth Fowler 141-I Rte 130 S, # 383 Cinnaminson, NJ 08077  Check out APTHCRY Socks, The Best Socks:  https://www.apthcry.com/?utm_source=sf&utm_id=video_1  #TechFowler #SethFowler #Tech â€”â€”â€”â€”â€”â€”â€”â€”â€”â€”â€”â€”â€”â€”â€”â€”â€”â€”â€”â€”â€”â€”â€”â€”â€”â€”â€”â€”â€”â€”â€”â€”â€” Unless specifically stated, there are no paid product endorsements in this video. There may be affiliate links in the description.",2025-09-24T14:37:03Z,PT14M4S,[],22,109979,1064,198
Eeke7JFfjSo,You key to massive legsâ€¦consistency. #kettlebell #fitness #workout,,2025-01-26T21:11:12Z,PT10S,[],22,31796,449,11
K-b7YsjzpKE,Ghiya kon khata hai yrr!ğŸ˜¢ #cooking  #recipe #vlogging #vlog #vlogger #dailyvlog #lifestyle #shorts,,2025-07-17T06:58:55Z,PT23S,[],22,22568369,286048,684
ap2a8001u98,1v3 too easy ğŸ˜¹ğŸ‘ğŸ»â™¥ï¸ #pubgmobile #gamergirl #cutewolfie #gaming #highlights,,2024-05-16T04:48:10Z,PT42S,[],20,5160,601,13
pq6mvHZU0fc,"Megalopolis (2024) Official Trailer - Adam Driver, Giancarlo Esposito, Nathalie Emmanuel","MEGALOPOLIS: The Ultimate IMAX Experience on September 23. In theaters & IMAX everywhere September 27. Starring Adam Driver, Giancarlo Esposito, Nathalie Emmanuel, Aubrey Plaza, Shia LaBeouf, Jon Voight, Laurence Fishburne, Kathryn Hunter, and Dustin Hoffman   Subscribe to the LIONSGATE YouTube Channel for the latest movie trailers, clips, and more: https://bit.ly/2Z6nfym  https://www.instagram.com/megalopolisfilm https://www.facebook.com/megalopolisfilm https://twitter.com/megalopolismov https://www.tiktok.com/@megalopolisfilm  Production Location: https://exploregeorgia.org/film  #MegalopolisFilm  MEGALOPOLIS is a Roman Epic set in an imagined Modern America. The City of New Rome must change, causing conflict between Cesar Catilina (Adam Driver), a genius artist who seeks to leap into a utopian, idealistic future, and his opposition, Mayor Franklyn Cicero (Giancarlo Esposito), who remains committed to a regressive status quo, perpetuating greed, special interests, and partisan warfare. Torn between them is socialite Julia Cicero (Nathalie Emmanuel), the mayor's daughter, whose love for Cesar has divided her loyalties, forcing her to discover what she truly believes humanity deserves.",2024-09-05T13:01:28Z,PT2M9S,"['Megalopolis', 'Francis Ford Coppola', 'upcoming movie', '2024 movie', 'sci-fi movie', 'futuristic city', 'epic film', 'Adam Driver', 'Nathalie Emmanuel', 'Aubrey Plaza', 'Jon Voight', 'Laurence Fishburne', 'Dustin Hoffman', 'lionsgate', 'LG', 'lionsgate movie', 'LG movie', 'trailer', 'official trailer', 'megalopolis trailer', 'first look', 'tease', 'teaser', 'movie trailer', 'sci-fi drama', 'film epic', 'new release', 'big budget movie', 'dystopian future', 'urban utopia', 'The Godfather', 'Apocalypse Now']",1,11669418,30097,3841
ypG2tvQgCnM,iPhone 17 Pro Max Review: 30 Days Later,"Iâ€™ve been using the iPhone 17 Pro Max since launch day, and hereâ€™s my honest take after real-world use. From the switch back to aluminium and improved thermals, to the upgraded cameras, performance, and battery life â€” I cover everything that matters after 30 days of daily use.  In this video, Iâ€™ll show:  â€¢ Why aluminium actually makes sense for the Pro this year  â€¢ How battery life and thermals hold up under heavy use  â€¢ Whatâ€™s new (and improved) with the display and camera system  â€¢ My thoughts on the design, colours, and overall user experience  My iPhone Air Review : https://youtu.be/f_L0CtSQRpU My Instagram with iPhone-only photography: https://www.instagram.com/imthaz   If you enjoy the video, consider liking, subscribing, and hitting the bell so you donâ€™t miss upcoming tutorials, camera tips, and tech reviews.",2025-10-19T18:27:55Z,PT7M7S,"['iphone 17 pro max', 'iphone 17 Pro Max review', 'smartphones', 'technology']",28,816,5,2
s2OccJMWwkM,REAL vs FAKE Tech,"The fakes were a LOT better than I expected  Get the Insta360 GO Ultra: the best POV vlogging cam: https://bit.ly/Mrwhosetheboss-Insta360GOUltra. First 30 orders get an exclusive 256GB SD Card!  - Tiny & Lightweight & Portable (just 53g) - Hands-Free POV + Wide FOV - Magic Magnetic Mounting - Upgraded Image: 1/1.28â€ Sensor + 5nm AI Chip - Long Battery Life: 60min @4K30 standalone; 170min @4K30 with Action Pod #Insta360GOUltra #pocketcamera #vloggingcamera  I spend a LOT of time trying to make my videos as concise, polished and useful as possible for you - if you would like to support me on that mission then consider subscribing to the channel - you'd make my day ğŸ˜  For my tech hot takes: http://twitter.com/Mrwhosetheboss For my Personal Posts: http://instagram.com/mrwhosetheboss For quick tech videos: https://www.tiktok.com/@mrwhosetheboss Does anyone still use this anymore?: https://facebook.com/mrwhosetheboss  Amazon Affiliate links (if you buy anything through these it will support the channel and allow us to buy better gear!): Amazon US: https://amzn.to/3mFix9d Amazon UK: https://amzn.to/3GMPPtM  My Browser: https://opr.as/Opera-browser-Mr-Whose-the-Boss  My Filming Gear: https://bit.ly/35CuxwI  Music is from Epidemic sound: http://share.epidemicsound.com/pHDFT",2025-10-09T11:17:36Z,PT22M46S,"['real', 'fake', 'tech', 'apple', 'philips hue', 'govee', 'gifts', 'gadgets']",28,7241294,167967,5189
DrmujEBcHtQ,bad idea right?,,2023-08-18T16:41:08Z,PT16S,[],10,14633450,907749,9286
yhqRWONXNpA,Top 5 Cutting-Edge Tech Reviews You Can't Miss!,"Dive into the world of innovation with our latest YouTube Short, â€œTop 5 Cutting-Edge Tech Reviews You Can't Miss!â€ ğŸŒŸ In just 30 seconds, we unveil the most exciting gadgets, software, and technological breakthroughs that every tech enthusiast should know about! Get ready for a fast-paced journey filled with engaging storytelling, bold subtitles, and high-quality visuals that keep you hooked from the very first frame.   Whether you're a gadget guru or just curious about the latest trends, this video delivers insightful analyses and interactive elements to enhance your viewing experience. Don't forget to like and share to spread the tech love! ğŸ”¥âœ¨   #techreviews  #gadgets  #technologytrends  #innovation  #shorts  #techenthusiast #brainorbit #shorts #usa #ytshorts #viral #explore #brainorbitofficial",2024-12-31T04:30:33Z,PT31S,[],24,48,0,0
GBoPv4bhgGs,THE WORLD WILL TREMBLE Official Trailer (2025),First movie trailer for The World Will Tremble.,2025-02-25T18:57:46Z,PT2M17S,[],1,675787,5897,2145
3P6AyUEqM1I,"New Orleans Pelicans vs Orlando Magic Full Game Highlights - October 16, 2025 | NBA Preseason","Trade the NBA on Kalshi in all 50 States Get $10 when you trade $100 using:  https://kalshi.com/gametimehighlights  â—†GAMETIME HIGHLIGHTS is your home for ALL NBA HIGHLIGHTS! SUBSCRIBE Here: https://bit.ly/3S8ObFW  #nbahighlights #nba #gametimehighlights  This video was edited to follow youtube's fair use guidelines: Copyright Disclaimer under Section 107 of the copyright act 1976, allowance is made for fair use for purposes such as criticism, comment, news reporting, scholarship, and research.",2025-10-17T01:51:09Z,PT9M31S,"['New Orleans Pelicans vs Orlando Magic full game highlights', 'NBA preseason 2025', 'Pelicans Magic', 'Orlando Magic', 'New Orleans Pelicans', 'Pelicans vs Magic', 'Magic vs Pelicans 2025', 'Pelicans Magic highlights', 'Magic vs Pelicans full game', 'NBA October 2025', 'New Orleans Pelicans highlights', 'Orlando Magic highlights']",17,104305,691,87
IZLZfJ8SGnc,Top 10 MOST VIEWED Seventeen Music Videos ğŸ¶ğŸ“ˆ #shorts #seventeen #seventeenband #kpop #kpopgroup,,2025-03-08T11:35:44Z,PT50S,[],10,15465,752,8
9iXjKu3m_Fw,Most Streamed Songs Of 2024,#rap #hiphop #music #song #pop #popular #popularmusic #brunomars #kendricklamar #kendrick #notlikeus #ladygaga #jimin #bts #chappellroan #sabrinacarpentertour #hozier #billieeilish #bensonboone,2025-04-10T16:00:25Z,PT39S,[],10,236843,5106,278
ISfbbGCDdRA,2024 TIKTOK TRENDING FUNNIEST VIDEOS ğŸ¤£ #funny #trending #explore  #viral,,2024-06-28T23:05:38Z,PT42S,[],22,135550,5367,337